placement_id,job_id,submission_id,client_id,consultant_id,market,start_date,gp,placement_type,fell_off
P00001,J00002,S000005,C007,U002,Renewables,2019-11-05,31650.65,perm,false
P00002,J00006,S000017,C046,U007,Engineering,2019-09-09,20383.96,perm,false
P00003,J00007,S000020,C016,U007,Engineering,2019-07-20,11203.85,contract,false
P00004,J00011,S000030,C019,U007,Engineering,2019-12-31,21112.87,perm,false
P00005,J00025,S000071,C060,U007,Engineering,2019-10-12,10735.20,contract,true
P00006,J00026,S000073,C009,U007,Engineering,2019-07-14,17464.16,perm,false
P00007,J00032,S000078,C029,U011,Life Sciences,2019-09-25,16294.13,contract,false
P00008,J00033,S000080,C064,U011,Life Sciences,2019-09-19,27098.73,perm,false
P00009,J00034,S000085,C057,U011,Life Sciences,2019-05-14,10665.69,contract,false
P00010,J00036,S000095,C053,U011,Life Sciences,2020-04-29,22582.41,perm,false
P00011,J00039,S000105,C034,U011,Life Sciences,2019-07-04,29548.21,perm,false
P00012,J00045,S000121,C053,U011,Life Sciences,2019-10-07,27229.65,perm,false
P00013,J00047,S000128,C001,U014,IT & Data,2019-08-15,17191.14,contract,false
P00014,J00048,S000133,C052,U014,IT & Data,2019-03-12,13846.09,perm,false
P00015,J00057,S000158,C065,U014,IT & Data,2019-11-27,9197.01,perm,false
P00016,J00058,S000162,C065,U014,IT & Data,2019-04-09,15420.73,perm,true
P00017,J00065,S000176,C040,U014,IT & Data,2020-01-12,13011.07,contract,false
P00018,J00066,S000179,C038,U014,IT & Data,2019-08-09,5191.27,contract,false
P00019,J00075,S000202,C032,U014,IT & Data,2019-12-19,12200.82,contract,false
P00020,J00082,S000231,C065,U014,IT & Data,2020-03-13,23135.26,perm,false
P00021,J00098,S000269,C023,U015,Engineering,2020-01-13,8436.92,perm,false
P00022,J00099,S000275,C010,U015,Engineering,2019-08-25,10154.13,contract,false
P00023,J00105,S000290,C046,U015,Engineering,2019-10-23,12058.73,perm,false
P00024,J00108,S000300,C046,U015,Engineering,2019-07-14,14710.25,perm,false
P00025,J00113,S000312,C043,U016,IT & Data,2019-05-07,27064.47,perm,false
P00026,J00118,S000326,C065,U016,IT & Data,2020-02-02,27375.65,perm,false
P00027,J00123,S000336,C038,U016,IT & Data,2019-05-11,25531.53,perm,false
P00028,J00133,S000356,C065,U016,IT & Data,2020-01-30,18147.34,perm,false
P00029,J00163,S000445,C037,U001,IT & Data,2021-01-24,17583.55,perm,false
P00030,J00168,S000458,C013,U001,IT & Data,2020-06-16,17536.66,contract,false
P00031,J00175,S000469,C033,U002,Renewables,2021-02-08,16914.15,perm,false
P00032,J00178,S000476,C042,U002,Renewables,2021-01-17,9195.51,contract,false
P00033,J00180,S000484,C062,U002,Renewables,2020-04-19,23009.45,contract,false
P00034,J00187,S000498,C058,U003,IT & Data,2021-04-19,14593.35,contract,false
P00035,J00197,S000523,C049,U003,IT & Data,2020-04-16,24299.74,perm,false
P00036,J00199,S000530,C054,U003,IT & Data,2021-01-01,15014.62,perm,false
P00037,J00203,S000537,C065,U004,IT & Data,2020-04-12,12937.69,perm,false
P00038,J00205,S000540,C065,U004,IT & Data,2021-01-08,25577.07,perm,false
P00039,J00207,S000548,C054,U004,IT & Data,2020-08-11,20255.78,perm,true
P00040,J00213,S000569,C008,U004,IT & Data,2021-02-15,18636.29,contract,false
P00041,J00216,S000580,C043,U004,IT & Data,2020-09-07,20215.37,perm,false
P00042,J00219,S000584,C005,U004,IT & Data,2020-05-06,22967.11,perm,false
P00043,J00220,S000585,C005,U004,IT & Data,2020-10-15,21484.70,contract,false
P00044,J00233,S000624,C056,U007,Engineering,2020-10-05,21528.79,perm,false
P00045,J00238,S000634,C046,U007,Engineering,2020-04-23,13554.08,perm,false
P00046,J00243,S000649,C048,U010,Life Sciences,2021-01-14,25424.84,perm,false
P00047,J00244,S000652,C048,U010,Life Sciences,2020-06-10,30524.95,perm,false
P00048,J00250,S000669,C034,U010,Life Sciences,2020-04-21,28334.25,perm,false
P00049,J00252,S000674,C039,U010,Life Sciences,2020-06-18,17240.70,perm,false
P00050,J00253,S000677,C048,U010,Life Sciences,2020-05-02,20719.02,perm,false
P00051,J00254,S000679,C039,U010,Life Sciences,2020-10-12,18274.15,perm,false
P00052,J00256,S000686,C012,U010,Life Sciences,2020-11-10,15005.49,contract,false
P00053,J00259,S000699,C012,U011,Life Sciences,2020-10-12,27389.38,perm,false
P00054,J00260,S000702,C069,U011,Life Sciences,2021-03-13,18593.90,perm,false
P00055,J00263,S000712,C069,U011,Life Sciences,2020-11-07,26214.27,perm,false
P00056,J00264,S000716,C064,U011,Life Sciences,2021-01-29,35702.19,perm,false
P00057,J00265,S000719,C044,U011,Life Sciences,2021-02-04,31810.00,perm,false
P00058,J00266,S000721,C012,U011,Life Sciences,2020-11-12,19844.07,contract,false
P00059,J00273,S000737,C039,U011,Life Sciences,2021-03-11,11456.66,contract,false
P00060,J00274,S000741,C052,U014,IT & Data,2020-11-14,9222.26,perm,true
P00061,J00276,S000751,C006,U014,IT & Data,2021-01-13,15191.07,perm,false
P00062,J00280,S000761,C058,U014,IT & Data,2020-08-18,21869.07,perm,false
P00063,J00281,S000769,C065,U014,IT & Data,2020-07-02,21353.21,contract,false
P00064,J00282,S000772,C052,U014,IT & Data,2020-12-29,10940.53,perm,false
P00065,J00295,S000804,C016,U015,Engineering,2021-01-09,12515.36,perm,false
P00066,J00304,S000823,C019,U015,Engineering,2020-07-12,24197.68,perm,false
P00067,J00312,S000859,C014,U015,Engineering,2021-04-02,23703.69,perm,true
P00068,J00313,S000864,C016,U015,Engineering,2020-10-20,16240.31,contract,true
P00069,J00314,S000867,C019,U015,Engineering,2021-01-08,26284.54,perm,false
P00070,J00324,S000896,C058,U016,IT & Data,2020-07-16,9528.21,contract,false
P00071,J00327,S000908,C005,U016,IT & Data,2021-01-30,17484.04,perm,false
P00072,J00335,S000927,C018,U017,Public Sector,2020-05-20,7291.25,perm,false
P00073,J00345,S000959,C018,U021,Public Sector,2020-09-10,9610.66,perm,false
P00074,J00354,S000990,C054,U001,IT & Data,2021-07-24,19496.06,contract,false
P00075,J00360,S001007,C028,U001,IT & Data,2021-07-24,10953.10,contract,false
P00076,J00364,S001020,C052,U001,IT & Data,2022-01-06,16030.14,perm,true
P00077,J00369,S001027,C006,U001,IT & Data,2021-11-03,16371.88,contract,false
P00078,J00370,S001035,C006,U001,IT & Data,2022-02-03,17238.81,perm,false
P00079,J00375,S001053,C043,U001,IT & Data,2021-04-27,16137.45,contract,false
P00080,J00382,S001070,C008,U001,IT & Data,2021-10-17,30796.05,perm,false
P00081,J00386,S001078,C043,U001,IT & Data,2021-08-18,20356.22,perm,false
P00082,J00390,S001085,C045,U001,IT & Data,2021-09-23,33854.14,perm,false
P00083,J00392,S001088,C049,U001,IT & Data,2021-04-28,19168.04,perm,false
P00084,J00394,S001100,C049,U001,IT & Data,2021-09-15,26295.88,perm,false
P00085,J00402,S001121,C006,U003,IT & Data,2022-02-21,24818.59,perm,false
P00086,J00404,S001126,C045,U003,IT & Data,2021-05-30,22508.32,perm,false
P00087,J00409,S001136,C059,U003,IT & Data,2021-10-30,24447.02,perm,false
P00088,J00411,S001144,C058,U003,IT & Data,2021-07-04,21668.85,perm,false
P00089,J00412,S001146,C043,U003,IT & Data,2021-06-03,18689.82,contract,true
P00090,J00413,S001149,C005,U003,IT & Data,2021-10-17,20474.41,perm,false
P00091,J00415,S001156,C008,U003,IT & Data,2021-06-14,22506.66,perm,false
P00092,J00416,S001159,C028,U003,IT & Data,2021-08-19,14396.71,perm,false
P00093,J00417,S001162,C052,U003,IT & Data,2021-08-02,22728.83,perm,false
P00094,J00418,S001164,C049,U003,IT & Data,2021-10-05,21991.41,perm,false
P00095,J00420,S001171,C049,U003,IT & Data,2021-08-04,20774.13,perm,false
P00096,J00421,S001175,C038,U003,IT & Data,2021-10-11,17816.54,perm,false
P00097,J00423,S001180,C001,U003,IT & Data,2021-04-20,15036.63,perm,false
P00098,J00424,S001183,C008,U003,IT & Data,2021-09-12,13120.49,contract,false
P00099,J00429,S001196,C038,U003,IT & Data,2021-04-11,20937.36,perm,false
P00100,J00431,S001204,C058,U003,IT & Data,2022-03-31,15229.66,perm,false
P00101,J00432,S001207,C008,U003,IT & Data,2021-11-12,13002.08,contract,true
P00102,J00433,S001208,C058,U003,IT & Data,2022-02-01,17853.21,perm,false
P00103,J00434,S001213,C055,U003,IT & Data,2022-01-17,22895.04,perm,false
P00104,J00435,S001216,C001,U003,IT & Data,2021-06-23,20917.74,perm,false
P00105,J00453,S001261,C052,U004,IT & Data,2021-08-22,12528.48,contract,false
P00106,J00456,S001269,C008,U004,IT & Data,2021-06-23,31092.94,perm,false
P00107,J00467,S001305,C054,U004,IT & Data,2022-02-17,13194.88,perm,false
P00108,J00469,S001312,C028,U004,IT & Data,2021-07-14,20785.02,perm,false
P00109,J00470,S001318,C002,U007,Engineering,2022-02-03,20322.81,perm,false
P00110,J00475,S001325,C026,U007,Engineering,2021-04-11,18760.25,contract,false
P00111,J00478,S001334,C019,U007,Engineering,2021-03-25,13996.92,perm,false
P00112,J00479,S001344,C002,U007,Engineering,2022-01-21,12684.41,perm,false
P00113,J00480,S001347,C009,U007,Engineering,2021-07-21,16464.52,contract,false
P00114,J00487,S001361,C023,U007,Engineering,2021-04-22,13703.43,contract,false
P00115,J00490,S001369,C014,U007,Engineering,2022-02-12,17497.21,contract,true
P00116,J00494,S001382,C019,U007,Engineering,2021-05-30,20876.28,perm,false
P00117,J00497,S001396,C060,U008,Engineering,2022-02-01,15920.94,contract,false
P00118,J00498,S001398,C023,U008,Engineering,2021-06-28,10592.39,contract,false
P00119,J00500,S001402,C009,U008,Engineering,2021-10-21,22178.25,perm,false
P00120,J00503,S001410,C063,U008,Engineering,2022-04-01,14537.57,perm,false
P00121,J00504,S001413,C046,U008,Engineering,2021-06-07,20559.20,perm,false
P00122,J00505,S001417,C060,U008,Engineering,2021-08-05,20477.05,perm,false
P00123,J00507,S001425,C026,U008,Engineering,2021-08-17,20395.65,perm,false
P00124,J00508,S001428,C019,U008,Engineering,2022-01-08,18707.67,perm,false
P00125,J00509,S001430,C002,U008,Engineering,2021-05-30,16917.15,perm,false
P00126,J00514,S001449,C011,U010,Life Sciences,2021-06-20,26183.53,perm,false
P00127,J00525,S001477,C053,U010,Life Sciences,2021-06-04,21686.88,perm,false
P00128,J00527,S001485,C064,U010,Life Sciences,2021-09-12,35437.89,perm,false
P00129,J00529,S001491,C070,U010,Life Sciences,2021-06-10,9392.53,perm,false
P00130,J00533,S001497,C021,U010,Life Sciences,2021-06-26,22895.93,perm,false
P00131,J00535,S001507,C048,U010,Life Sciences,2021-06-19,25916.81,perm,false
P00132,J00537,S001513,C039,U010,Life Sciences,2022-01-15,21155.38,perm,false
P00133,J00538,S001514,C012,U010,Life Sciences,2022-01-23,23817.69,perm,false
P00134,J00545,S001536,C058,U014,IT & Data,2021-04-16,18496.49,perm,false
P00135,J00546,S001538,C049,U014,IT & Data,2021-09-24,21747.39,perm,false
P00136,J00548,S001546,C005,U014,IT & Data,2021-09-29,15894.14,contract,false
P00137,J00552,S001555,C005,U014,IT & Data,2021-06-21,10920.47,perm,false
P00138,J00556,S001562,C032,U014,IT & Data,2022-03-02,22068.06,perm,false
P00139,J00561,S001577,C006,U014,IT & Data,2021-05-20,13469.06,contract,false
P00140,J00562,S001580,C001,U014,IT & Data,2021-10-19,18686.04,perm,false
P00141,J00564,S001585,C040,U014,IT & Data,2021-10-23,8092.38,contract,false
P00142,J00565,S001588,C065,U014,IT & Data,2022-02-21,22361.78,perm,false
P00143,J00568,S001595,C023,U015,Engineering,2021-09-14,12402.35,perm,false
P00144,J00569,S001597,C046,U015,Engineering,2022-01-27,9963.65,contract,false
P00145,J00570,S001601,C046,U015,Engineering,2021-11-18,20896.14,perm,false
P00146,J00571,S001606,C016,U015,Engineering,2021-09-19,18439.97,perm,false
P00147,J00573,S001611,C068,U015,Engineering,2022-01-01,16531.04,perm,false
P00148,J00579,S001629,C060,U015,Engineering,2021-10-14,11218.32,perm,false
P00149,J00580,S001635,C016,U015,Engineering,2021-11-22,17959.56,contract,false
P00150,J00585,S001648,C014,U015,Engineering,2021-09-15,21056.29,perm,false
P00151,J00603,S001700,C043,U016,IT & Data,2021-08-01,16802.82,perm,false
P00152,J00624,S001754,C055,U016,IT & Data,2021-12-14,27955.15,perm,false
P00153,J00648,S001820,C018,U017,Public Sector,2021-11-10,8469.15,perm,false
P00154,J00651,S001833,C024,U017,Public Sector,2022-02-21,12615.83,perm,false
P00155,J00655,S001844,C054,U018,IT & Data,2021-11-28,32328.70,perm,false
P00156,J00658,S001857,C045,U018,IT & Data,2021-06-21,19762.88,contract,false
P00157,J00666,S001879,C054,U018,IT & Data,2021-12-12,31605.59,perm,false
P00158,J00673,S001896,C005,U019,IT & Data,2022-03-11,24961.64,perm,true
P00159,J00685,S001928,C050,U021,Public Sector,2022-03-20,10030.97,contract,false
P00160,J00690,S001946,C036,U021,Public Sector,2021-09-19,9017.38,perm,false
P00161,J00700,S001974,C052,U001,IT & Data,2022-10-25,25744.64,perm,false
P00162,J00705,S001988,C028,U001,IT & Data,2023-02-17,25957.00,perm,true
P00163,J00715,S002008,C052,U001,IT & Data,2022-05-12,21256.50,perm,false
P00164,J00721,S002024,C054,U001,IT & Data,2022-08-26,28164.44,perm,false
P00165,J00724,S002036,C054,U001,IT & Data,2023-01-02,27049.07,perm,false
P00166,J00731,S002055,C052,U004,IT & Data,2022-12-01,25983.10,perm,false
P00167,J00747,S002101,C043,U004,IT & Data,2022-09-08,23201.04,contract,false
P00168,J00753,S002121,C058,U004,IT & Data,2022-08-18,14010.76,perm,false
P00169,J00755,S002124,C054,U004,IT & Data,2022-05-19,5945.37,perm,false
P00170,J00756,S002127,C008,U004,IT & Data,2023-02-13,15073.93,perm,true
P00171,J00758,S002132,C006,U004,IT & Data,2022-07-28,8591.86,perm,false
P00172,J00759,S002134,C005,U004,IT & Data,2022-07-13,18223.24,contract,false
P00173,J00766,S002159,C052,U004,IT & Data,2022-12-12,19158.86,perm,false
P00174,J00767,S002161,C065,U004,IT & Data,2022-07-08,8999.47,contract,false
P00175,J00771,S002178,C026,U007,Engineering,2022-07-23,14716.71,perm,false
P00176,J00780,S002198,C002,U007,Engineering,2022-06-12,17578.55,perm,false
P00177,J00790,S002231,C026,U007,Engineering,2022-10-03,21709.47,perm,true
P00178,J00795,S002252,C067,U007,Engineering,2023-04-01,8428.09,contract,false
P00179,J00806,S002283,C010,U007,Engineering,2023-04-08,19604.19,perm,false
P00180,J00809,S002295,C060,U007,Engineering,2022-12-25,23276.38,perm,false
P00181,J00814,S002306,C010,U008,Engineering,2022-05-29,8382.24,contract,false
P00182,J00818,S002320,C019,U008,Engineering,2022-12-17,11535.74,contract,false
P00183,J00819,S002324,C002,U008,Engineering,2022-04-15,12940.15,perm,false
P00184,J00822,S002335,C019,U008,Engineering,2022-08-19,27026.04,perm,false
P00185,J00829,S002352,C026,U008,Engineering,2022-10-27,13831.37,perm,false
P00186,J00833,S002367,C026,U008,Engineering,2023-04-09,10686.10,contract,false
P00187,J00835,S002375,C019,U008,Engineering,2023-03-21,12948.78,contract,false
P00188,J00843,S002395,C039,U010,Life Sciences,2023-04-07,31192.26,perm,false
P00189,J00853,S002422,C021,U010,Life Sciences,2023-01-15,25444.60,perm,false
P00190,J00860,S002438,C012,U010,Life Sciences,2022-07-09,24349.15,perm,false
P00191,J00861,S002440,C066,U010,Life Sciences,2022-06-25,25699.85,contract,false
P00192,J00862,S002444,C048,U010,Life Sciences,2023-02-21,20338.12,perm,false
P00193,J00864,S002450,C048,U010,Life Sciences,2022-12-23,27908.04,contract,false
P00194,J00868,S002457,C048,U010,Life Sciences,2023-04-08,26920.37,perm,true
P00195,J00870,S002461,C039,U010,Life Sciences,2022-12-28,19587.07,perm,false
P00196,J00872,S002467,C064,U010,Life Sciences,2022-04-22,34280.02,contract,false
P00197,J00877,S002482,C034,U010,Life Sciences,2022-10-31,27196.62,perm,false
P00198,J00879,S002489,C038,U013,IT & Data,2023-01-09,21050.23,contract,true
P00199,J00881,S002494,C049,U014,IT & Data,2023-04-06,20321.09,perm,true
P00200,J00882,S002499,C058,U014,IT & Data,2022-12-19,34827.10,perm,false
P00201,J00883,S002500,C055,U014,IT & Data,2023-03-21,22782.36,perm,false
P00202,J00884,S002506,C006,U014,IT & Data,2022-09-19,15064.35,perm,false
P00203,J00891,S002522,C005,U014,IT & Data,2022-10-17,9651.02,contract,false
P00204,J00894,S002530,C049,U014,IT & Data,2022-06-23,22499.90,perm,false
P00205,J00904,S002562,C049,U014,IT & Data,2022-11-03,22807.86,perm,false
P00206,J00906,S002567,C032,U014,IT & Data,2022-09-06,10277.35,contract,false
P00207,J00909,S002573,C065,U014,IT & Data,2022-05-15,26038.48,perm,false
P00208,J00919,S002595,C019,U015,Engineering,2022-09-20,7518.52,contract,false
P00209,J00922,S002605,C023,U015,Engineering,2023-01-25,12647.39,perm,false
P00210,J00923,S002607,C002,U015,Engineering,2023-04-06,24470.56,perm,false
P00211,J00925,S002614,C046,U015,Engineering,2023-01-28,11304.16,contract,false
P00212,J00926,S002615,C019,U015,Engineering,2022-04-22,14683.60,perm,false
P00213,J00930,S002627,C016,U015,Engineering,2022-08-11,15167.58,contract,false
P00214,J00933,S002636,C067,U015,Engineering,2023-03-01,15322.48,perm,false
P00215,J00935,S002645,C056,U015,Engineering,2022-06-11,11244.24,contract,false
P00216,J00940,S002656,C067,U015,Engineering,2022-08-31,14366.57,perm,false
P00217,J00948,S002677,C065,U016,IT & Data,2022-10-09,15856.00,contract,false
P00218,J00950,S002682,C054,U016,IT & Data,2022-09-02,17208.01,contract,false
P00219,J00952,S002693,C065,U016,IT & Data,2022-08-20,20405.23,perm,false
P00220,J00957,S002707,C040,U016,IT & Data,2022-09-14,17781.12,perm,false
P00221,J00960,S002716,C008,U016,IT & Data,2022-08-11,21994.47,perm,false
P00222,J00963,S002726,C043,U016,IT & Data,2023-02-28,14071.75,contract,false
P00223,J00965,S002731,C043,U018,IT & Data,2022-11-29,19018.82,perm,false
P00224,J00967,S002733,C052,U018,IT & Data,2023-03-08,9923.62,contract,false
P00225,J00971,S002744,C006,U018,IT & Data,2023-02-11,20263.62,contract,false
P00226,J00975,S002754,C065,U018,IT & Data,2022-11-28,24637.00,perm,false
P00227,J00979,S002769,C043,U018,IT & Data,2022-08-21,14863.86,perm,true
P00228,J00984,S002786,C043,U018,IT & Data,2022-10-12,21866.23,perm,false
P00229,J00989,S002799,C043,U018,IT & Data,2022-09-23,21064.31,perm,false
P00230,J00998,S002822,C052,U019,IT & Data,2022-10-25,15578.40,perm,false
P00231,J01018,S002869,C065,U019,IT & Data,2022-12-05,21222.95,perm,false
P00232,J01020,S002873,C045,U019,IT & Data,2023-02-24,16863.13,perm,false
P00233,J01021,S002875,C005,U019,IT & Data,2023-02-25,14116.59,contract,false
P00234,J01023,S002881,C038,U019,IT & Data,2023-02-14,23054.87,perm,false
P00235,J01050,S002963,C001,U001,IT & Data,2023-10-31,20233.87,perm,false
P00236,J01063,S002990,C006,U001,IT & Data,2023-07-02,23294.98,perm,false
P00237,J01064,S002995,C065,U001,IT & Data,2023-09-17,21466.66,perm,false
P00238,J01067,S003005,C054,U001,IT & Data,2023-11-10,11472.64,contract,false
P00239,J01068,S003009,C006,U001,IT & Data,2024-02-15,15615.14,contract,false
P00240,J01071,S003016,C006,U001,IT & Data,2023-04-29,19346.34,contract,false
P00241,J01076,S003030,C001,U004,IT & Data,2024-01-31,29795.94,perm,false
P00242,J01080,S003039,C028,U004,IT & Data,2024-01-19,15560.62,perm,false
P00243,J01081,S003044,C006,U004,IT & Data,2024-01-23,21590.20,perm,false
P00244,J01083,S003047,C058,U004,IT & Data,2023-08-04,19033.86,perm,false
P00245,J01090,S003066,C065,U004,IT & Data,2023-11-22,21489.16,perm,false
P00246,J01094,S003076,C008,U004,IT & Data,2023-07-17,14566.32,contract,false
P00247,J01096,S003083,C052,U004,IT & Data,2024-02-29,15972.33,contract,false
P00248,J01099,S003093,C028,U004,IT & Data,2023-07-07,23415.82,perm,false
P00249,J01101,S003107,C006,U004,IT & Data,2023-09-23,22428.92,perm,false
P00250,J01102,S003111,C052,U004,IT & Data,2023-11-14,20481.19,perm,false
P00251,J01109,S003135,C054,U004,IT & Data,2023-12-22,15889.54,perm,false
P00252,J01110,S003136,C008,U004,IT & Data,2023-07-06,36359.00,perm,false
P00253,J01112,S003144,C049,U004,IT & Data,2024-04-23,17320.78,contract,false
P00254,J01113,S003148,C052,U004,IT & Data,2024-01-27,16643.24,contract,false
P00255,J01114,S003152,C065,U004,IT & Data,2024-03-04,18004.30,contract,false
P00256,J01116,S003156,C067,U005,Engineering,2023-11-01,22756.28,contract,false
P00257,J01117,S003161,C067,U005,Engineering,2023-07-02,25535.57,perm,false
P00258,J01119,S003169,C014,U005,Engineering,2023-10-21,14946.94,perm,false
P00259,J01125,S003184,C067,U005,Engineering,2023-07-13,22574.14,perm,false
P00260,J01126,S003189,C060,U005,Engineering,2023-06-24,10727.47,perm,false
P00261,J01129,S003200,C019,U005,Engineering,2023-05-17,12045.54,contract,false
P00262,J01130,S003202,C046,U005,Engineering,2024-03-11,19320.34,perm,false
P00263,J01132,S003206,C002,U005,Engineering,2023-07-07,15235.83,contract,false
P00264,J01133,S003209,C023,U005,Engineering,2023-10-23,15095.65,contract,true
P00265,J01135,S003215,C067,U005,Engineering,2023-07-15,18247.67,perm,false
P00266,J01146,S003248,C010,U007,Engineering,2024-01-06,17661.68,perm,false
P00267,J01147,S003250,C014,U007,Engineering,2023-12-31,23181.47,perm,false
P00268,J01155,S003275,C019,U008,Engineering,2023-12-31,24135.23,perm,false
P00269,J01159,S003286,C060,U008,Engineering,2023-10-04,19656.46,perm,false
P00270,J01163,S003300,C046,U008,Engineering,2024-01-22,13593.64,perm,false
P00271,J01164,S003301,C060,U008,Engineering,2023-09-29,12814.38,contract,false
P00272,J01169,S003322,C060,U008,Engineering,2023-10-09,17651.77,perm,false
P00273,J01170,S003326,C002,U008,Engineering,2023-11-22,17808.23,perm,false
P00274,J01174,S003336,C009,U008,Engineering,2023-06-04,17774.88,perm,false
P00275,J01175,S003341,C016,U008,Engineering,2024-01-17,5549.48,contract,false
P00276,J01183,S003373,C023,U009,Engineering,2023-06-24,17676.42,perm,false
P00277,J01188,S003386,C067,U009,Engineering,2023-10-20,9666.46,contract,false
P00278,J01189,S003390,C041,U009,Engineering,2023-12-26,20623.27,perm,false
P00279,J01198,S003417,C026,U009,Engineering,2024-01-05,8787.40,contract,false
P00280,J01200,S003425,C002,U009,Engineering,2023-11-03,6852.94,contract,false
P00281,J01201,S003427,C022,U009,Engineering,2024-03-19,22585.89,perm,false
P00282,J01207,S003439,C056,U009,Engineering,2023-07-29,12282.93,perm,false
P00283,J01211,S003448,C016,U009,Engineering,2023-08-15,19334.38,perm,false
P00284,J01212,S003451,C023,U009,Engineering,2023-12-23,11911.33,contract,false
P00285,J01219,S003473,C038,U012,IT & Data,2023-05-22,18988.92,perm,false
P00286,J01238,S003513,C043,U013,IT & Data,2023-12-15,20365.90,perm,false
P00287,J01245,S003532,C045,U013,IT & Data,2023-07-29,25199.53,perm,false
P00288,J01252,S003554,C008,U013,IT & Data,2023-08-21,29822.23,perm,false
P00289,J01257,S003570,C054,U013,IT & Data,2023-08-08,11714.40,contract,false
P00290,J01269,S003598,C054,U014,IT & Data,2023-12-12,26702.52,perm,false
P00291,J01270,S003599,C052,U014,IT & Data,2023-05-14,15919.43,perm,false
P00292,J01277,S003623,C054,U014,IT & Data,2023-08-30,20488.69,perm,false
P00293,J01280,S003628,C065,U014,IT & Data,2024-03-23,18133.69,perm,false
P00294,J01286,S003650,C010,U015,Engineering,2024-02-10,20213.66,perm,false
P00295,J01290,S003662,C009,U015,Engineering,2023-07-27,11899.03,contract,false
P00296,J01292,S003667,C022,U015,Engineering,2024-02-06,14172.10,perm,false
P00297,J01309,S003717,C016,U015,Engineering,2024-03-22,22878.58,perm,false
P00298,J01313,S003734,C022,U015,Engineering,2023-10-12,20373.98,perm,false
P00299,J01315,S003743,C055,U016,IT & Data,2024-01-16,21231.24,perm,false
P00300,J01317,S003746,C038,U016,IT & Data,2023-09-08,30889.48,perm,false
P00301,J01320,S003752,C049,U016,IT & Data,2024-02-29,17866.85,perm,false
P00302,J01337,S003806,C058,U016,IT & Data,2024-03-22,33941.26,perm,false
P00303,J01343,S003825,C005,U016,IT & Data,2024-03-22,24896.88,perm,true
P00304,J01346,S003830,C065,U016,IT & Data,2023-12-11,11919.75,contract,false
P00305,J01349,S003840,C054,U016,IT & Data,2023-07-02,29599.42,perm,false
P00306,J01365,S003888,C049,U018,IT & Data,2023-07-13,23429.82,perm,false
P00307,J01370,S003904,C032,U018,IT & Data,2023-05-29,25905.57,perm,false
P00308,J01371,S003907,C001,U018,IT & Data,2023-05-24,29925.39,perm,true
P00309,J01375,S003918,C052,U018,IT & Data,2023-08-28,22982.10,perm,false
P00310,J01376,S003925,C052,U018,IT & Data,2024-03-09,25599.33,perm,false
P00311,J01377,S003927,C065,U018,IT & Data,2023-07-24,16858.98,perm,false
P00312,J01386,S003957,C049,U018,IT & Data,2024-01-24,27562.11,perm,false
P00313,J01392,S003971,C054,U018,IT & Data,2023-08-27,28041.75,contract,false
P00314,J01393,S003976,C065,U018,IT & Data,2024-01-15,15012.02,contract,false
P00315,J01395,S003981,C043,U018,IT & Data,2024-02-08,16755.93,perm,false
P00316,J01397,S003987,C013,U019,IT & Data,2023-06-10,24330.73,perm,false
P00317,J01398,S003991,C054,U019,IT & Data,2024-04-18,18917.75,perm,false
P00318,J01399,S003992,C058,U019,IT & Data,2024-02-23,19020.93,perm,false
P00319,J01401,S003996,C008,U019,IT & Data,2023-09-02,18682.92,perm,false
P00320,J01414,S004035,C055,U019,IT & Data,2023-11-05,23079.90,perm,true
P00321,J01417,S004044,C006,U019,IT & Data,2024-01-14,25789.62,perm,false
P00322,J01425,S004067,C045,U019,IT & Data,2023-11-07,26154.75,perm,true
P00323,J01429,S004076,C006,U019,IT & Data,2023-04-23,25722.99,perm,false
P00324,J01438,S004096,C032,U019,IT & Data,2023-06-28,26205.69,contract,false
P00325,J01445,S004113,C018,U021,Public Sector,2024-01-14,9222.13,perm,false
P00326,J01456,S004146,C059,U001,IT & Data,2024-12-21,30279.23,perm,false
P00327,J01470,S004188,C065,U001,IT & Data,2025-04-04,20377.45,perm,false
P00328,J01474,S004199,C058,U001,IT & Data,2024-07-03,20213.72,perm,false
P00329,J01478,S004210,C052,U001,IT & Data,2025-01-06,26338.54,perm,false
P00330,J01483,S004226,C049,U001,IT & Data,2024-09-07,28014.15,perm,true
P00331,J01488,S004238,C043,U001,IT & Data,2025-02-15,18025.71,contract,false
P00333,J01493,S004252,C006,U004,IT & Data,2025-03-23,11174.78,contract,false
P00334,J01495,S004256,C038,U004,IT & Data,2024-12-03,10079.57,perm,false
P00335,J01498,S004264,C006,U004,IT & Data,2025-01-19,20714.98,perm,false
P00336,J01501,S004277,C045,U004,IT & Data,2025-02-23,20329.47,perm,false
P00337,J01503,S004282,C065,U004,IT & Data,2024-07-12,11803.91,contract,false
P00338,J01505,S004289,C013,U004,IT & Data,2024-08-26,24673.14,perm,false
P00339,J01508,S004299,C001,U004,IT & Data,2024-05-30,27319.90,perm,false
P00340,J01515,S004328,C054,U004,IT & Data,2025-03-21,18794.65,perm,false
P00341,J01518,S004338,C040,U004,IT & Data,2025-03-17,17669.67,contract,false
P00342,J01519,S004344,C055,U004,IT & Data,2024-10-24,7843.24,contract,false
P00343,J01523,S004353,C065,U004,IT & Data,2024-11-02,29566.01,perm,false
P00344,J01538,S004390,C009,U005,Engineering,2024-10-05,8384.65,contract,false
P00345,J01539,S004392,C019,U005,Engineering,2025-03-11,16227.58,contract,true
P00346,J01546,S004409,C023,U005,Engineering,2024-03-31,20753.62,perm,false
P00347,J01557,S004444,C022,U007,Engineering,2025-03-02,18897.06,perm,false
P00348,J01558,S004449,C002,U007,Engineering,2024-04-24,26079.01,perm,false
P00349,J01560,S004455,C026,U007,Engineering,2024-07-27,12649.31,contract,false
P00350,J01561,S004456,C046,U007,Engineering,2025-01-19,13801.99,perm,false
P00351,J01565,S004470,C009,U007,Engineering,2024-12-15,22742.86,perm,false
P00352,J01569,S004485,C016,U007,Engineering,2025-01-05,12373.71,perm,false
P00353,J01581,S004519,C019,U007,Engineering,2024-12-18,14165.90,perm,false
P00354,J01584,S004524,C002,U007,Engineering,2025-01-14,20826.52,perm,false
P00355,J01590,S004537,C010,U007,Engineering,2024-03-19,19651.13,perm,false
P00356,J01593,S004548,C022,U008,Engineering,2025-01-27,17830.90,contract,false
P00357,J01600,S004566,C002,U008,Engineering,2024-12-31,13720.64,contract,false
P00358,J01606,S004580,C016,U008,Engineering,2024-12-21,22702.65,perm,false
P00359,J01609,S004592,C002,U008,Engineering,2025-03-07,27454.40,perm,true
P00360,J01622,S004633,C002,U009,Engineering,2024-12-23,9733.68,contract,false
P00361,J01623,S004635,C010,U009,Engineering,2024-04-22,16453.37,perm,false
P00362,J01626,S004643,C067,U009,Engineering,2024-10-30,22660.19,perm,false
P00363,J01632,S004662,C067,U009,Engineering,2025-01-24,15346.83,perm,true
P00364,J01635,S004678,C009,U009,Engineering,2024-07-08,15078.87,contract,false
P00365,J01636,S004682,C002,U009,Engineering,2025-05-08,17435.14,contract,false
P00366,J01643,S004699,C016,U009,Engineering,2024-06-19,16800.43,perm,false
P00367,J01645,S004702,C063,U009,Engineering,2024-05-25,22964.60,perm,false
P00368,J01646,S004706,C009,U009,Engineering,2025-02-23,15061.74,perm,false
P00369,J01648,S004711,C046,U009,Engineering,2024-11-11,6900.53,contract,false
P00370,J01650,S004718,C026,U009,Engineering,2024-07-12,16336.57,perm,false
P00371,J01653,S004728,C063,U009,Engineering,2024-07-08,10241.33,contract,false
P00372,J01665,S004754,C049,U012,IT & Data,2024-12-19,17337.20,perm,false
P00373,J01669,S004760,C049,U012,IT & Data,2024-05-20,27009.28,perm,false
P00374,J01670,S004764,C052,U012,IT & Data,2024-06-20,23922.94,perm,false
P00375,J01672,S004771,C065,U012,IT & Data,2025-03-07,18877.29,contract,false
P00376,J01673,S004776,C065,U012,IT & Data,2025-02-14,18720.89,perm,false
P00377,J01676,S004784,C006,U012,IT & Data,2024-09-17,21595.98,perm,false
P00378,J01689,S004822,C049,U012,IT & Data,2024-12-23,20265.59,perm,false
P00379,J01693,S004830,C045,U012,IT & Data,2025-01-07,16766.43,perm,false
P00380,J01695,S004836,C043,U012,IT & Data,2025-02-19,15518.59,perm,false
P00381,J01697,S004840,C028,U012,IT & Data,2024-08-25,19923.87,perm,false
P00382,J01698,S004846,C006,U012,IT & Data,2024-06-16,16094.76,perm,false
P00383,J01699,S004850,C058,U012,IT & Data,2024-09-11,21784.69,perm,false
P00384,J01701,S004854,C059,U012,IT & Data,2025-01-08,18536.70,perm,false
P00385,J01702,S004859,C065,U012,IT & Data,2024-11-05,23531.87,perm,false
P00387,J01709,S004881,C049,U013,IT & Data,2024-03-29,14962.21,contract,false
P00389,J01712,S004889,C054,U013,IT & Data,2025-02-21,13066.78,perm,false
P00390,J01718,S004905,C052,U013,IT & Data,2025-03-11,18424.81,perm,true
P00391,J01721,S004914,C005,U013,IT & Data,2024-12-02,18761.63,perm,false
P00392,J01727,S004934,C006,U013,IT & Data,2024-11-09,7077.79,contract,false
P00393,J01728,S004935,C055,U013,IT & Data,2024-07-26,31169.80,perm,false
P00394,J01732,S004944,C065,U013,IT & Data,2025-03-20,37722.12,perm,false
P00395,J01736,S004958,C065,U013,IT & Data,2024-12-20,32961.23,perm,false
P00396,J01737,S004959,C055,U013,IT & Data,2024-12-29,28168.05,perm,false
P00397,J01746,S004986,C032,U014,IT & Data,2025-01-04,15595.09,perm,false
P00398,J01747,S004991,C038,U014,IT & Data,2024-10-14,16414.93,perm,false
P00399,J01749,S005000,C054,U014,IT & Data,2024-09-27,14061.09,contract,false
P00400,J01754,S005014,C065,U014,IT & Data,2024-07-20,24037.69,perm,false
P00401,J01755,S005020,C005,U014,IT & Data,2025-04-10,14871.80,perm,false
P00402,J01758,S005028,C065,U014,IT & Data,2024-10-21,16636.61,perm,true
P00403,J01760,S005035,C058,U014,IT & Data,2024-11-04,20084.84,perm,false
P00404,J01761,S005039,C049,U014,IT & Data,2024-08-30,12349.70,contract,false
P00405,J01764,S005049,C054,U014,IT & Data,2025-03-24,25479.64,contract,false
P00407,J01767,S005054,C005,U014,IT & Data,2024-11-25,17028.74,perm,true
P00409,J01776,S005075,C032,U014,IT & Data,2024-08-14,16360.94,contract,false
P00410,J01779,S005083,C005,U014,IT & Data,2024-05-06,25370.61,perm,false
P00411,J01781,S005088,C028,U014,IT & Data,2024-07-30,26014.92,perm,false
P00412,J01789,S005106,C006,U014,IT & Data,2024-05-29,7359.98,contract,true
P00413,J01795,S005121,C028,U014,IT & Data,2024-11-23,14705.73,contract,false
P00414,J01796,S005124,C023,U015,Engineering,2025-03-31,11816.34,contract,false
P00415,J01797,S005127,C067,U015,Engineering,2024-12-14,11760.75,perm,false
P00416,J01805,S005154,C002,U015,Engineering,2024-12-31,21306.85,perm,false
P00417,J01812,S005175,C061,U015,Engineering,2025-01-02,13241.83,contract,false
P00418,J01814,S005184,C023,U015,Engineering,2024-08-23,12043.74,contract,false
P00419,J01821,S005201,C010,U015,Engineering,2024-07-02,9689.68,contract,false
P00420,J01827,S005221,C054,U016,IT & Data,2024-05-15,13878.23,contract,false
P00421,J01828,S005224,C052,U016,IT & Data,2024-04-19,21655.15,contract,false
P00422,J01830,S005230,C052,U016,IT & Data,2024-10-23,15839.82,perm,false
P00423,J01831,S005231,C054,U016,IT & Data,2024-07-24,12142.27,contract,false
P00425,J01834,S005239,C052,U016,IT & Data,2025-02-22,8074.96,contract,false
P00426,J01835,S005245,C001,U016,IT & Data,2024-05-20,29920.79,perm,false
P00427,J01842,S005261,C052,U016,IT & Data,2024-08-13,14424.62,perm,false
P00428,J01847,S005271,C055,U016,IT & Data,2025-04-09,10430.93,contract,false
P00430,J01855,S005299,C054,U016,IT & Data,2025-03-14,15254.30,contract,false
P00431,J01867,S005339,C049,U016,IT & Data,2024-12-24,17272.97,contract,false
P00432,J01871,S005355,C043,U018,IT & Data,2024-08-10,15770.90,contract,false
P00433,J01872,S005360,C058,U018,IT & Data,2024-12-29,21274.10,perm,false
P00435,J01882,S005388,C049,U018,IT & Data,2024-04-02,9186.03,perm,false
P00436,J01886,S005397,C045,U018,IT & Data,2024-09-26,21805.16,contract,true
P00437,J01887,S005401,C038,U018,IT & Data,2024-07-09,25261.79,perm,false
P00439,J01894,S005426,C052,U018,IT & Data,2025-01-12,16504.06,contract,false
P00440,J01895,S005428,C049,U018,IT & Data,2024-12-28,30219.41,perm,false
P00441,J01903,S005451,C052,U018,IT & Data,2024-07-17,12348.09,contract,false
P00442,J01904,S005454,C049,U018,IT & Data,2025-04-20,18737.31,perm,false
P00443,J01908,S005467,C043,U018,IT & Data,2024-05-21,15275.32,perm,false
P00444,J01912,S005479,C065,U018,IT & Data,2024-03-21,15571.57,perm,false
P00445,J01914,S005490,C052,U019,IT & Data,2024-07-12,24081.36,perm,false
P00446,J01916,S005495,C028,U019,IT & Data,2025-03-10,27726.58,perm,false
P00447,J01919,S005508,C005,U019,IT & Data,2024-12-14,15048.65,contract,false
P00448,J01922,S005516,C065,U019,IT & Data,2024-11-13,21685.89,perm,false
P00449,J01930,S005536,C045,U019,IT & Data,2025-04-04,14105.77,perm,false
P00450,J01932,S005541,C043,U019,IT & Data,2024-10-10,13773.25,perm,false
P00451,J01937,S005554,C045,U019,IT & Data,2024-12-09,21020.02,contract,false
P00452,J01939,S005563,C052,U019,IT & Data,2024-10-17,14634.76,perm,false
P00453,J01941,S005570,C032,U019,IT & Data,2024-10-18,15704.29,perm,false
P00454,J01949,S005594,C064,U020,Life Sciences,2025-01-21,41451.32,perm,false
P00455,J01952,S005603,C048,U020,Life Sciences,2024-09-24,35017.95,perm,false
P00456,J01963,S005640,C064,U020,Life Sciences,2024-07-24,21208.93,perm,false
P00457,J01966,S005651,C064,U020,Life Sciences,2024-06-02,5404.89,perm,false
P00458,J01968,S005655,C018,U021,Public Sector,2024-04-30,9405.53,perm,false
P00459,J01986,S005703,C005,U022,IT & Data,2024-09-15,15317.90,contract,true
P00460,J01989,S005713,C059,U022,IT & Data,2024-06-16,17684.99,perm,false
P00461,J01998,S005736,C055,U022,IT & Data,2024-06-21,15710.54,contract,false
P00462,J02003,S005749,C052,U001,IT & Data,2025-08-18,23126.50,perm,false
P00463,J02014,S005783,C049,U001,IT & Data,2025-10-17,16844.55,contract,false
P00464,J02015,S005786,C032,U001,IT & Data,2025-05-09,10225.33,contract,false
P00465,J02017,S005797,C043,U001,IT & Data,2025-06-30,17939.48,contract,false
P00466,J02020,S005805,C032,U001,IT & Data,2025-09-05,24417.19,perm,false
P00467,J02021,S005807,C052,U001,IT & Data,2025-07-21,34774.36,perm,false
P00468,J02022,S005811,C065,U001,IT & Data,2026-03-28,21741.77,perm,false
P00469,J02024,S005816,C054,U001,IT & Data,2026-03-28,28869.50,perm,false
P00470,J02035,S005853,C045,U001,IT & Data,2025-11-19,22472.87,perm,false
P00471,J02037,S005858,C049,U001,IT & Data,2025-09-07,19575.10,perm,false
P00472,J02043,S005873,C058,U001,IT & Data,2025-11-10,19740.20,perm,false
P00474,J02048,S005891,C058,U004,IT & Data,2025-06-21,29146.53,perm,false
P00475,J02052,S005900,C049,U004,IT & Data,2025-07-20,21644.65,contract,false
P00477,J02060,S005923,C038,U004,IT & Data,2025-08-17,21299.23,perm,false
P00478,J02071,S005955,C037,U004,IT & Data,2025-04-25,24909.22,contract,false
P00479,J02072,S005958,C038,U004,IT & Data,2026-01-25,24295.59,perm,false
P00480,J02073,S005962,C038,U004,IT & Data,2025-05-27,18638.88,contract,false
P00481,J02075,S005969,C055,U004,IT & Data,2026-03-28,18211.92,perm,false
P00482,J02077,S005975,C055,U004,IT & Data,2025-06-15,23865.26,contract,false
P00483,J02079,S005988,C037,U004,IT & Data,2026-02-10,31151.64,perm,false
P00484,J02080,S005990,C055,U004,IT & Data,2025-06-13,33375.67,perm,false
P00485,J02085,S006000,C058,U004,IT & Data,2025-07-23,21515.74,perm,false
P00486,J02092,S006018,C019,U005,Engineering,2025-11-15,16778.10,contract,false
P00487,J02094,S006023,C063,U005,Engineering,2025-06-12,17990.79,perm,false
P00488,J02096,S006033,C067,U005,Engineering,2025-12-17,15196.86,perm,false
P00489,J02098,S006037,C046,U005,Engineering,2025-11-22,27144.04,perm,false
P00490,J02102,S006046,C046,U005,Engineering,2026-02-17,24070.11,perm,false
P00491,J02106,S006065,C067,U005,Engineering,2025-12-22,14482.10,perm,false
P00492,J02116,S006087,C016,U007,Engineering,2026-04-13,17577.46,perm,false
P00493,J02119,S006099,C063,U007,Engineering,2025-09-25,21064.68,perm,false
P00494,J02126,S006119,C063,U007,Engineering,2025-05-24,13325.43,perm,false
P00495,J02129,S006127,C060,U007,Engineering,2026-02-07,17353.61,perm,false
P00496,J02130,S006130,C067,U007,Engineering,2025-11-24,19462.86,perm,false
P00497,J02132,S006136,C061,U007,Engineering,2025-12-11,15809.13,contract,false
P00498,J02134,S006141,C023,U007,Engineering,2025-09-14,9633.34,perm,false
P00499,J02135,S006145,C067,U007,Engineering,2025-06-30,15154.71,perm,false
P00500,J02147,S006179,C009,U008,Engineering,2025-10-31,12137.65,perm,false
P00501,J02152,S006195,C019,U008,Engineering,2025-06-14,13808.84,contract,false
P00502,J02153,S006197,C016,U008,Engineering,2025-10-20,12023.75,perm,false
P00503,J02157,S006207,C023,U008,Engineering,2025-07-31,15728.05,perm,false
P00504,J02160,S006215,C002,U008,Engineering,2025-10-24,13741.41,contract,false
P00505,J02165,S006233,C026,U008,Engineering,2026-01-19,14276.05,contract,false
P00506,J02167,S006235,C016,U008,Engineering,2025-05-21,18694.24,perm,true
P00507,J02187,S006292,C019,U009,Engineering,2025-12-24,13757.75,perm,false
P00508,J02188,S006293,C063,U009,Engineering,2025-05-28,28404.67,perm,false
P00509,J02209,S006360,C049,U012,IT & Data,2026-04-03,20034.40,perm,false
P00510,J02214,S006369,C052,U012,IT & Data,2025-11-01,16014.65,perm,false
P00511,J02221,S006388,C006,U013,IT & Data,2026-03-13,28791.95,perm,false
P00512,J02222,S006392,C040,U013,IT & Data,2025-12-30,24432.15,perm,false
P00513,J02223,S006397,C055,U013,IT & Data,2026-01-17,27364.21,perm,false
P00514,J02225,S006399,C032,U013,IT & Data,2025-09-04,16343.33,perm,false
P00515,J02231,S006413,C032,U013,IT & Data,2026-03-14,30930.42,perm,false
P00516,J02232,S006418,C059,U013,IT & Data,2025-08-29,22229.21,perm,false
P00517,J02234,S006425,C055,U013,IT & Data,2025-08-30,12687.49,contract,false
P00519,J02241,S006447,C038,U013,IT & Data,2025-12-19,22723.32,perm,false
P00520,J02244,S006455,C040,U013,IT & Data,2026-01-21,18345.93,perm,false
P00521,J02246,S006460,C052,U013,IT & Data,2026-01-17,15827.44,perm,false
P00522,J02251,S006481,C006,U013,IT & Data,2025-04-04,15293.86,contract,true
P00523,J02253,S006488,C045,U013,IT & Data,2026-01-08,18033.11,contract,false
P00524,J02255,S006493,C032,U013,IT & Data,2025-09-25,11083.73,perm,false
P00525,J02257,S006500,C038,U013,IT & Data,2025-05-30,9703.47,perm,false
P00526,J02265,S006520,C054,U013,IT & Data,2025-05-09,18810.88,contract,false
P00527,J02268,S006527,C045,U014,IT & Data,2025-10-27,30723.10,perm,false
P00528,J02270,S006534,C043,U014,IT & Data,2025-08-31,6416.23,contract,false
P00529,J02273,S006545,C052,U014,IT & Data,2025-06-08,8733.87,contract,false
P00530,J02280,S006564,C040,U014,IT & Data,2026-01-30,22167.47,perm,false
P00531,J02282,S006574,C054,U014,IT & Data,2025-10-25,22251.44,perm,false
P00532,J02286,S006591,C052,U014,IT & Data,2026-04-10,20677.77,perm,false
P00534,J02290,S006605,C058,U014,IT & Data,2025-07-16,21569.47,contract,false
P00535,J02294,S006624,C032,U014,IT & Data,2026-03-17,15812.20,perm,false
P00536,J02299,S006639,C028,U014,IT & Data,2026-03-05,10075.13,contract,false
P00537,J02310,S006675,C041,U015,Engineering,2026-02-28,24573.70,perm,false
P00538,J02321,S006706,C010,U015,Engineering,2025-12-11,18779.57,contract,false
P00539,J02334,S006734,C043,U016,IT & Data,2025-06-04,14639.49,contract,false
P00540,J02336,S006740,C055,U016,IT & Data,2025-11-12,21248.77,perm,false
P00541,J02338,S006744,C045,U016,IT & Data,2026-04-19,22599.43,contract,false
P00542,J02343,S006754,C052,U016,IT & Data,2026-03-04,28560.09,perm,false
P00543,J02344,S006758,C065,U016,IT & Data,2025-04-23,21281.91,perm,true
P00544,J02354,S006784,C045,U016,IT & Data,2025-04-15,29073.02,perm,false
P00545,J02355,S006787,C037,U016,IT & Data,2025-05-25,23199.63,perm,false
P00546,J02356,S006790,C058,U016,IT & Data,2025-06-22,27783.38,perm,false
P00547,J02362,S006803,C038,U016,IT & Data,2025-10-29,22528.25,perm,false
P00548,J02373,S006837,C065,U016,IT & Data,2026-03-10,16771.18,perm,false
P00549,J02375,S006843,C058,U016,IT & Data,2025-05-19,12613.99,perm,false
P00550,J02377,S006846,C049,U018,IT & Data,2025-12-14,24324.95,perm,false
P00551,J02379,S006850,C005,U018,IT & Data,2025-09-03,19654.41,contract,false
P00552,J02380,S006855,C049,U018,IT & Data,2025-06-06,28939.87,perm,false
P00554,J02384,S006871,C049,U018,IT & Data,2025-10-28,13787.29,contract,false
P00555,J02387,S006878,C038,U018,IT & Data,2026-01-26,19005.44,contract,false
P00556,J02391,S006890,C052,U018,IT & Data,2025-10-11,6772.13,perm,false
P00557,J02392,S006896,C059,U018,IT & Data,2025-09-24,13779.82,contract,false
P00558,J02402,S006924,C005,U018,IT & Data,2025-08-08,47440.87,perm,false
P00559,J02403,S006928,C040,U018,IT & Data,2025-06-07,16164.17,contract,false
P00560,J02406,S006934,C049,U018,IT & Data,2025-07-30,14931.55,perm,false
P00561,J02408,S006944,C055,U018,IT & Data,2025-05-31,38534.47,perm,false
P00562,J02409,S006946,C006,U018,IT & Data,2026-01-04,14421.98,contract,false
P00563,J02413,S006954,C001,U018,IT & Data,2026-02-10,11747.90,perm,false
P00564,J02414,S006956,C049,U018,IT & Data,2025-08-23,19992.42,perm,false
P00565,J02417,S006960,C065,U018,IT & Data,2025-08-17,22900.16,perm,false
P00566,J02425,S006980,C065,U019,IT & Data,2025-05-04,16588.44,perm,false
P00567,J02432,S007001,C001,U019,IT & Data,2025-07-15,14364.73,perm,false
P00568,J02434,S007009,C054,U019,IT & Data,2025-11-30,22749.91,contract,false
P00569,J02454,S007070,C054,U019,IT & Data,2025-04-21,24422.12,perm,false
P00570,J02456,S007078,C032,U019,IT & Data,2025-09-17,26113.02,perm,false
P00571,J02460,S007091,C028,U019,IT & Data,2025-05-06,28042.56,perm,false
P00572,J02461,S007094,C006,U019,IT & Data,2025-09-03,16534.14,contract,true
P00573,J02462,S007096,C006,U019,IT & Data,2025-07-14,25115.37,contract,false
P00574,J02464,S007104,C048,U020,Life Sciences,2025-06-13,27689.61,perm,false
P00575,J02466,S007112,C069,U020,Life Sciences,2025-12-27,31873.97,perm,false
P00576,J02467,S007114,C066,U020,Life Sciences,2025-08-20,33012.08,perm,false
P00577,J02478,S007146,C048,U020,Life Sciences,2026-01-29,19147.07,contract,false
P00578,J02484,S007158,C057,U020,Life Sciences,2026-01-04,17771.50,perm,false
P00579,J02486,S007163,C039,U020,Life Sciences,2025-06-22,22453.26,perm,true
P00580,J02490,S007174,C039,U020,Life Sciences,2026-02-24,18036.66,perm,false
P00581,J02500,S007198,C048,U020,Life Sciences,2025-08-03,28169.41,perm,false
P00582,J02507,S007212,C039,U020,Life Sciences,2025-12-31,23091.65,perm,false
P00583,J02510,S007219,C048,U020,Life Sciences,2025-12-02,18616.60,perm,false
P00584,J02511,S007224,C064,U020,Life Sciences,2025-09-03,20412.58,contract,false
P00585,J02512,S007227,C069,U020,Life Sciences,2025-12-18,29977.26,perm,false
P00586,J02520,S007252,C064,U020,Life Sciences,2025-06-25,42472.37,perm,false
P00587,J02528,S007268,C034,U020,Life Sciences,2025-05-17,16692.47,contract,false
P00588,J02532,S007284,C018,U021,Public Sector,2025-09-04,9489.04,perm,false
P00589,J02538,S007300,C043,U022,IT & Data,2025-11-13,22677.96,perm,false
P00590,J02539,S007305,C001,U022,IT & Data,2025-10-25,30247.76,perm,false
P00591,J02543,S007316,C054,U022,IT & Data,2026-03-07,21295.44,perm,false
P00592,J02544,S007320,C065,U022,IT & Data,2025-08-22,18291.97,perm,false
P00593,J02546,S007329,C040,U022,IT & Data,2025-09-03,14730.66,perm,false
P00594,J02547,S007336,C065,U022,IT & Data,2026-01-09,19066.83,perm,false
P00595,J02551,S007345,C006,U022,IT & Data,2026-02-26,24557.76,perm,false
P00596,J02559,S007370,C045,U022,IT & Data,2026-01-17,16613.64,perm,false
P00597,J02560,S007373,C013,U022,IT & Data,2025-05-30,12656.10,perm,false
P00598,J02562,S007378,C065,U022,IT & Data,2025-06-10,18590.74,perm,false
