created,meeting_date,owner,market,client,meeting_type,client_contact_position,meeting_id,org_freelance,org_payment_terms,org_rate_max,org_rate_min,org_terms_other
07/04/2023,07/04/2023,Victoire Guibal,Contract France IT,SAINT GOBAIN,Client Visit,Chef de projet,2373081,,,,,
07/04/2023,07/04/2023,Victoire Guibal,Contract France IT,SAINT GOBAIN,Client Visit,Chef de projet,2373077,,,,,
06/04/2023,06/04/2023,Maayane Ktourza,Contract Brussels IT,Group S Secrétariat Social ASBL,Client Visit,Interim Management,2372866,NO,14,25%,,
06/04/2023,06/04/2023,Magali Jeuniaux,Contract Brussels Finance/Support,Skeyes,Client Visit,Recruitment Specialist,2372714,NO,,,,
06/04/2023,06/04/2023,Erika Matekete,Contract France Finance,STELLANTIS FINANCIAL SERVICES,Client Visit,Head of BPF Accounting,2372754,YES,,,,
06/04/2023,06/04/2023,Jérémy Jampsin,Contract Brussels Construction/Engineering,Nextensa,Client Visit,Partner,2372366,NO,30,25%,,
06/04/2023,06/04/2023,Jérémy Jampsin,Contract Brussels Construction/Engineering,BBGS Belgium,Client Visit,Regional Manager BeNeLux,2372627,YES,14,25%,25%,
06/04/2023,06/04/2023,Olivier Dereppe,Contract Brussels Construction/Engineering,pharmalex,Client Visit,HR Specialist @PharmaLex,2372684,,,,,
06/04/2023,06/04/2023,Yassin Hadmoun,Perm Middle-East,Abu Dhabi Digital Authority,Client Visit,Director Analytics & AI,2371915,,,,,
06/04/2023,06/04/2023,Yassin Hadmoun,Perm Middle-East,Ziegler,Client Visit,accountant,2372542,NO,,,,
06/04/2023,06/04/2023,Selima Serbijeva,Perm Antwerp Construction,Quartier NV,Client Visit,HR,2371783,NO,30,30%,28%,
06/04/2023,06/04/2023,Selima Serbijeva,Perm Antwerp Construction,Spie,Client Visit,HR,2371941,NO,30,27%,25%,
05/04/2023,05/04/2023,Sabrina Moreau,Contract Brussels IT Infrastructure,NRB,Client Visit,Head Of Portfolio Management,2371520,YES,,,,
05/04/2023,05/04/2023,Ilias Ghazouani,Contract Brussels IT Dev,idweaver,Client Visit,web devlopper,2371098,YES,,,,
06/04/2023,20/04/2023,Demy Jordens,Perm Antwerp Construction,Istema,Client Visit,Owner,611765,,14,28%,25%,
06/04/2023,06/04/2023,Juste Rema,Perm Brussels Finance/Support,Toshiba Global Commerce Solutions (Benelux) NV,Client Visit,Director Finance Europe,2372197,YES,14,25%,,
06/04/2023,06/04/2023,Maxim Miserez,Perm Antwerp Construction,IMDC,Client Visit,HR BP,2372679,,,,,
06/04/2023,06/04/2023,Marc Rugema,Contract Brussels IT,BNP PARIBAS FORTIS,Client Visit,IT Team Leader,2371734,YES,,,,framework
06/04/2023,06/04/2023,Naveen John Poovendran,Contract Brussels IT,Brayton Global,Client Visit,IT Supplier Coordinator,2372178,NO,,,,
06/04/2023,06/04/2023,Clément Despretz,Contract Brussels IT,Infrabel,Client Visit,Teamlead I-ICT.414 Vehicle Management & Real Estate,2372773,YES,,20%,16%,
06/04/2023,06/04/2023,Julien Verlinden,Contract Brussels IT,Prodata Systems NV,Client Visit,Avocate,2372814,YES,,,,
06/04/2023,06/04/2023,Florence Van Sand,Perm Brussels Finance/Support,Skeyes,Client Visit,Recruitment Specialist,2372753,NO,,,,
06/04/2023,06/04/2023,Florence Van Sand,Perm Brussels Finance/Support,Sabena Aerospace Engineering SA,Client Visit,Senior Talent Acquisition Specialist,2372477,NO,14,25%,,
06/04/2023,13/04/2023,Ornella Scarpino (Wiggli),Perm Brussels Construction/Engineering/Sales,Valens,Client Visit,HR Coordinator,611414,NO,60,17000,6000,
06/04/2023,06/04/2023,Maxime Japsenne,Perm Brussels Finance/Support,Renson Ventilation NV,Client Visit,Recruiter,2373027,NO,30,23%,,
06/04/2023,06/04/2023,Timothy Lemner,Perm Brussels Engineering / Sales,Cenexi-Laboratoires Thissen SA,Client Visit,HR Manager D&U Benelux,2372136,NO,45,23%,,
06/04/2023,02/05/2023,Ornella Scarpino (Wiggli),Perm Brussels Construction/Engineering/Sales,Wycor,Client Visit,Hiring Manager,611527,NO,14,30%,28%,
06/04/2023,06/04/2023,Ornella Scarpino (Wiggli),Perm Brussels Construction/Engineering/Sales,Bemat,Client Visit,Directeur Département Devis,2371992,NO,14,30%,27.50%,
07/04/2023,07/04/2023,Maayane Ktourza,Contract Brussels IT,Rossel & Cie (Journal Le Soir),Client Visit,IT Domain Manager,2373228,YES,,,,
07/04/2023,07/04/2023,Marc Rugema,Contract Brussels IT,ELIA,Client Visit,Service Desk Responsible,2373194,YES,,,,
07/04/2023,07/04/2023,Maayane Ktourza,Contract Brussels IT,Group S Secrétariat Social ASBL,Client Visit,Interim Management,2373084,NO,14,25%,,
06/04/2023,06/04/2023,Thibaut Meulemans,Perm Brussels Construction,Nextensa,Client Visit,Partner,2372314,NO,30,25%,,
05/04/2023,05/04/2023,Timothy Lemner,Perm Brussels Engineering / Sales,Monizze,Client Visit,Talent Acquisition Manager,2371067,,,,,
11/04/2023,11/04/2023,Marc Rugema,Contract Brussels IT,Euroclear SA/NV,Client Visit,IT Application Support Team Lead,2374356,YES,60,,,Flat rate between 10k and 25k
07/04/2023,07/04/2023,Sabrina Moreau,Contract Brussels IT Infrastructure,Fédérale Assurance Société Coopérative,Client Visit,Head CTO Office,2373400,YES,14,,,
07/04/2023,11/04/2023,Douaa Mihfad,Perm France IT Infra,UPTALIA,Client Visit,CEO,611904,NO,,,,
07/04/2023,13/04/2023,Ghita Cherif Jarfaoui,Perm France IT Dev,Infogene,Client Visit,Responsable Ressources Humaines,611849,NO,,,,
07/04/2023,06/04/2023,Ghita Cherif Jarfaoui,Perm France IT Dev,NEOXAM,Client Visit,Chargée de Recrutement,611828,NO,14,24%,,
07/04/2023,07/04/2023,Maxim Miserez,Perm Antwerp Construction,Square group - DO NOT CONTACT (MAXIM M),Client Visit,HR Business Partner,2373411,NO,14,30%,28%,
06/04/2023,06/04/2023,Clément Despretz,Contract Brussels IT,Ziegler,Client Visit,accountant,2371826,NO,,,,
