placement_id,date_approved,date_added,start_date,end_date,owner,employment_type,market,job_title,priority,client,billing_eur,split,fee_pct,weekly_gp,contract_type,job_type,source,time_to_fill,job_owner,job_id,status
9470,14/04/2025,25/02/2025,24/03/2025,23/03/2026,Andrianina Ratovondrahona,Contract,Contract Brussels IT Data,Data Analyst,C,Electrabel SA/NV,20880.0,1,11.94,400.0,Original,Contract,Linkedin,53,Andrianina Ratovondrahona,75750,Approved
9478,03/03/2025,26/02/2025,03/03/2025,30/04/2025,Maxime Japsenne,Contract,Contract Brussels Finance/Support,Credit Controller,C,AGC Automotive EUROPE SA,6020.0,1,25.93,700.0,Original,Contract,Linkedin,24,Ghost_Bxl-Finance,75160,Approved
9481,06/03/2025,26/02/2025,03/03/2025,13/03/2025,Noemie Garcia,Contract,Contract Brussels IT Data,Agile Coach,C,Keytrade Bank,900.0,1,10.81,500.0,Original,Contract,Linkedin,23,Noemie Garcia,75312,Approved
9485,05/03/2025,27/02/2025,24/03/2025,24/09/2025,Ghost_Bxl-Engineering,Contract,Contract Brussels Construction/Engineering,QP,C,Sol B SRL,6650.0,1,12.5,250.0,Original,Contract,Linkedin,15,Jérémy Jampsin,75598,Approved
9523,26/03/2025,10/03/2025,22/04/2025,03/10/2025,Massimo Tripi,Contract,Contract Brussels Construction/Engineering,PE HVAC Pharma,C,Cegelec SA,11662.0,1,17.5,490.0,Original,Contract,Linkedin,56,Massimo Tripi,74749,Approved
9528,07/04/2025,05/03/2025,24/03/2025,31/12/2025,Ghost_Bxl-IT,Contract Payroll,Contract Brussels IT Dev,Développeur Clipper/Xbase++,A,Contassur SA - Contassur Assistance (Conseil) SA,66139.0,1,43.44,1629.0,Original,Contract Payroll,Candidate Email Parser,60,Ghost_Bxl-IT,75094,Approved
9546,13/03/2025,13/03/2025,24/03/2025,31/08/2025,Ghost_Antwerp-IT,Contract,Contract Antwerp IT,Senior Functional Analyst,A,Fugro,13800.0,1,13.64,600.0,Original,Contract,Linkedin,3,Ghost_Antwerp-IT,76279,Approved
9571,14/04/2025,14/03/2025,14/04/2025,06/06/2025,Noemie Garcia,Contract,Contract Brussels IT Data,Scrum Master,B,BNP PARIBAS FORTIS,4000.0,1,13.33,500.0,Original,Contract,Linkedin,62,Noemie Garcia,75309,Approved
9580,31/03/2025,17/03/2025,31/03/2025,25/05/2025,Margarita Katunina,Contract,Contract Brussels Construction/Engineering,QC construction,A,Hourez Consult,4000.0,1,18.18,500.0,Original,Contract,Linkedin,31,Ghost_Bxl-Construction,76006,Approved
9581,18/03/2025,17/03/2025,18/03/2025,30/06/2025,Michelle Amelin,Contract,Contract Antwerp Development,.NET developer,C,Starring Jane,7500.0,1,16.67,500.0,Original,Contract,ICTjob,6,Michelle Amelin,76394,Approved
9599,14/04/2025,20/03/2025,01/04/2025,31/03/2026,Yvan Arkhurst,Contract,Contract Brussels IT Infrastructure,Devops engineer,C,Electrabel SA/NV,26100.0,1,11.76,500.0,Original,Contract,Linkedin,45,Yvan Arkhurst,75992,Approved
9603,15/04/2025,21/03/2025,12/05/2025,01/05/2026,Ghost_Bxl-Construction,Contract,Contract Brussels Construction/Engineering,Project Manager,C,Proximus Real Estate SA ( Anciennement Connectimmo ),25500.0,1,13.33,500.0,Original,Contract,Other,64,Margarita Katunina,75266,Approved
9609,07/04/2025,25/03/2025,02/05/2025,21/10/2025,Jordi Fernandez,Contract,Contract Brussels IT Dev,Cobol developer,SPEC,Apside belgium,12300.0,1,21.28,500.0,Original,Contract,Linkedin,41,Jordi Fernandez,75881,Approved
9647,09/04/2025,01/04/2025,12/05/2025,31/08/2025,Lemmy Chileshe,Contract,Contract Brussels IT Dev,(SRQ141284) Application Architect,C,BNP PARIBAS FORTIS,6400.0,1,8.6,400.0,Original,Contract Extension 2,Linkedin,27,Lemmy Chileshe,76452,Approved
9651,02/04/2025,02/04/2025,14/04/2025,31/07/2025,Aleksandra Mazur,Contract,Contract Brussels Finance/Support,Ethics & Compliance Counsel,C,Delhaize Belgium,8848.0,1,16.67,560.0,Original,Contract,Ad Response,35,Aleksandra Mazur,75912,Approved
9652,09/04/2025,02/04/2025,05/05/2025,05/11/2025,Jordi Fernandez,Contract,Contract Brussels IT Dev,Cobol Developer,A,Buy Way,16625.0,1,25.25,625.0,Original,Contract,Candidate Email Parser,13,Jordi Fernandez,76842,Approved
9654,25/06/2025,02/04/2025,08/05/2025,31/12/2025,Andrianina Ratovondrahona,Contract,Contract Brussels IT Data,Applications life cycle-Business Analyst-Advanced,SPEC,Electrabel SA/NV,11050.0,1,8.78,325.0,Original,Contract,Linkedin,132,Andrianina Ratovondrahona,75455,Approved
9657,16/04/2025,06/04/2025,02/05/2025,30/04/2026,Ghost_Paris-IT,Contract,Contract France IT,data python spark,C,engie GEMS,35100.0,1,19.01,675.0,Original,Opportunity,Other,15,Ghost_Paris-IT,76941,Approved
9667,29/04/2025,09/04/2025,21/04/2025,18/07/2025,Maxim Miserez,Contract,Contract Antwerp Construction,Senior Project Manager,C,Group Suerickx (SPOC JONAS EN FABRICE - INFO BIJ HEN NIET ZOMAAR CONTACTEREN),6500.0,1,12.12,500.0,Original,Permanent,Linkedin,46,Maxim Miserez,76464,Approved
9674,17/04/2025,15/04/2025,22/04/2025,07/07/2025,Aleksandra Mazur,Contract,Contract Brussels Finance/Support,Medior Compliance AML,B,Keytrade Bank,6600.0,1,17.14,600.0,Original,Contract,Other,126,Aleksandra Mazur,73324,Approved
9680,09/05/2025,17/04/2025,04/05/2025,31/03/2026,Massimo Tripi,Contract,Contract Brussels Construction/Engineering,Support piping design,A,Prayon NV,14220.0,1,25.0,300.0,Original,Contract,LinkedIn,22,Massimo Tripi,77297,Approved
9685,28/04/2025,25/04/2025,02/06/2025,30/11/2025,Aymeric Guignet,Contract,Contract France IT,Analyste Programmeur RPG 3 4 IBMi,,Sogedial Exploitation SAFO,18386.0,1,19.76,707.0,Original,Temp-to-Perm,Turnover-IT,1127,Aymeric Guignet,48136,Approved
9691,23/07/2025,18/04/2025,20/07/2025,26/07/2026,Jérémy Jampsin,Contract,Contract Brussels Construction/Engineering,Senior Project Manager - Nucléaire,C,Tractebel (Engie) Brussels,19345.0,1,9.76,365.0,Original,Contract,Linkedin,162,Jérémy Jampsin,75332,Approved
9697,12/06/2025,23/04/2025,12/05/2025,29/08/2025,Jordi Fernandez,Contract,Contract Brussels IT Dev,Financial Advisor,C,ING Belgium,8000.0,1,27.03,500.0,Original,Contract,Linkedin,50,Jordi Fernandez,77392,Approved
9699,23/06/2025,17/04/2025,19/05/2025,13/03/2026,Jérémy Jampsin,Contract,Contract Brussels Construction/Engineering,Excellence Coordinator,C,Zoetis Belgium SA,25800.0,1,16.67,600.0,Original,Contract,ICTjob,61,Jérémy Jampsin,77395,Approved
9707,07/05/2025,25/04/2025,06/05/2025,06/08/2025,Jordi Fernandez,Contract,Contract Brussels IT Dev,Junior Test Manager,C,Keytrade Bank,8040.0,1,24.0,600.0,Original,Contract,LinkedIn,22,Jordi Fernandez,77233,Approved
9717,29/04/2025,28/04/2025,02/05/2025,31/05/2025,Aymeric Guignet,Contract,Contract France IT,Analyste Programmeur AS400 RPG (H/F),,Sogedial Exploitation SAFO,2100.0,1,11.11,500.0,Original,Contract,Candidate Email Parser,2219,Aymeric Guignet,31947,Approved
9720,19/05/2025,28/04/2025,08/05/2025,06/12/2025,Andrianina Ratovondrahona,Contract,Contract Brussels IT Data,Functional Analyst,C,AG Insurance,20520.0,1,19.71,675.0,Original,Contract,Linkedin,39,Andrianina Ratovondrahona,77162,Approved
9749,28/05/2025,05/06/2025,02/06/2025,06/01/2026,Kelian Huysmans,Contract,Contract Antwerp Supply Chain,Copacking Planning Coordinator,B,Danone Rotselaar (SPOC = KELIAN),23299.0,1,31.91,742.0,Original,Contract,Referral,47,Kelian Huysmans,77189,Approved
9756,20/05/2025,08/05/2025,19/05/2025,19/08/2025,Cindy Jax,Contract Payroll,Contract Luxembourg IT,test Engineer,C,Luxhub,8421.0,1,25.14,628.0,Original,Contract,LinkedIn,54,Cindy Jax,76878,Approved
9772,12/06/2025,13/05/2025,04/06/2025,14/11/2025,Kelian Huysmans,Contract,Contract Antwerp Supply Chain,Supply Chain Logistics Manager,B,ICI Paris XL,17700.0,1,14.29,750.0,Original,Contract,Linkedin,58,Kelian Huysmans,77245,Approved
9773,26/05/2025,26/05/2025,26/05/2025,23/07/2025,Lemmy Chileshe,Contract Payroll,Contract Brussels IT Dev,Front end Developer,C,Sigedis,9368.0,1,31.12,1089.0,Original,Contract,Linkedin,19,Lemmy Chileshe,77686,Approved
9775,02/06/2025,14/05/2025,16/06/2025,15/12/2025,Jordi Fernandez,Contract,Contract Brussels IT Dev,Test Automation Engineer,C,Cegeka,18340.0,1,20.29,700.0,Original,Contract,Other,60,Jordi Fernandez,77025,Approved
9787,17/06/2025,16/05/2025,21/05/2025,04/09/2025,Jordi Fernandez,Contract,Contract Brussels IT Dev,Junior Accountant AP/AR,SPEC,Belfius,17941.0,1,41.98,1165.0,Original,Opportunity,Linkedin,54,Jordi Fernandez,77454,Approved
9802,04/07/2025,22/05/2025,02/06/2025,03/08/2025,Ghost_Bxl-Construction,Contract,Contract Brussels Construction/Engineering,Conseiller en prévention,A,Hourez Consult,11250.0,1,35.71,1250.0,Original,Contract,Linkedin,44,Ghost_Bxl-Construction,78004,Approved
9810,27/05/2025,23/05/2025,16/06/2025,15/12/2026,Ghost_Bxl-Construction,Contract,Contract Brussels Construction/Engineering,Bouwkundig ingenieur,SPEC,De Vlaamse Waterweg,78400.0,1,20.0,1000.0,Original,Contract,Other,75,Margarita Katunina,76450,Approved
9857,23/06/2025,06/06/2025,01/07/2025,31/12/2025,Margot Ouerdi,Contract,Contract Brussels Construction/Engineering,Programmeur MES,C,Takeda Belgium,26400.0,1,22.22,1000.0,Original,Contract,Indeed,41,Margot Ouerdi,77800,Approved
9861,10/07/2025,06/06/2025,11/08/2025,16/08/2026,Massimo Tripi,Contract,Contract Brussels Construction/Engineering,PE HVAC Pharma,A,Cegelec SA,7950.0,1,5.0,150.0,Original,Contract,Referral,34,Massimo Tripi,78293,Approved
9891,17/06/2025,16/06/2025,01/07/2025,31/08/2025,Sadji Tardieu,Contract,Contract Brussels Finance/Support,Senior Claims Handler Onshore,SPEC,KBC Assurances,8800.0,1,33.33,1000.0,Original,Contract,Wiggli Intelligence,13,Sadji Tardieu,78235,Approved
9898,30/06/2025,18/06/2025,07/07/2025,07/10/2025,Yvan Arkhurst,Contract,Contract Brussels IT Infrastructure,Service desk consultant,A,Inter Partner Assistance SA (AXA Partners),9045.0,1,39.13,675.0,Original,Contract,Wiggli Intelligence,48,Yvan Arkhurst,77818,Approved
9713,28/04/2025,28/04/2025,06/05/2025,31/10/2025,Nabil El masai,Contract,Contract Brussels IT Dev,data analyst _ Luminus,C,Luminus,16125.0,1,17.24,625.0,Original,Contract,ICTjob,17,Ghost_Bxl-IT,77185,Approved
