created,interview_date,owner,market,client,client_contact_position,job_title,job_created,priority,job_type,interview_type,crm_interview_type,source,job_owner,job_id,org_freelance,org_payment_terms,org_rate_max,org_rate_min,org_terms_other
09/02/2023,16/02/2023,Jérémy Jampsin,Contract Brussels Construction/Engineering,Equans,Project Enfineer,Project Manager électricity,21/11/2022,C,Contract,1st Interview,Interview,Other,Jérémy Jampsin,52813,YES,30,22%,,
09/02/2023,13/02/2023,Jérémy Jampsin,Contract Brussels Construction/Engineering,Putman Groupe,HR officer,Project Manager HVAC,15/06/2022,,Opportunity,1st Interview,Interview,Other,Jérémy Jampsin,49658,YES,30,26%,25%,
09/02/2023,10/02/2023,Leen Van Audenhove,[deleted] Contract Antwerp IT,Atlas Copco (spec cv's send to atlascopco@ausy.be),HR AUSY,Infrastructure Project Engineer,31/01/2023,SPEC,Contract,1st Interview,Interview,,Leen Van Audenhove,54235,YES,,,,
09/02/2023,17/02/2023,Demy Jordens,Perm Antwerp Construction,Studie 10,Zaakvoerder,Senior Stability Engineer,08/12/2022,SPEC,Opportunity,1st Interview,Interview,Linkedin,Demy Jordens,53316,NO,14,19000,10000,
09/02/2023,13/02/2023,Ameylia Bauwens,Perm Brussels Finance/Support,TAPTAP SEND BELGIUM SA,Regional Compliance Officer,Head of AML,05/12/2022,B,Permanent,1st Interview,Interview,Ad Response,Ameylia Bauwens,53203,NO,14,25%,,
09/02/2023,14/02/2023,Florence Van Sand,Perm Brussels Finance/Support,Gentis,HR Director,Talent Acquisition Specialist,03/02/2023,A,Permanent,1st Interview,Interview,Linkedin,Florence Van Sand,54331,,,,,
09/02/2023,14/02/2023,Florence Van Sand,Perm Brussels Finance/Support,Gentis,HR Director,Talent Acquisition Specialist,03/02/2023,A,Permanent,1st Interview,Interview,Ad Response,Florence Van Sand,54331,,,,,
09/02/2023,10/02/2023,Ameylia Bauwens,Perm Brussels Finance/Support,PPS EU SA,Compliabce,Compliance Officer,11/01/2023,B,Permanent,1st Interview,Interview,LinkedIn,Ameylia Bauwens,53794,YES,14,25%,23%,
09/02/2023,10/02/2023,Ameylia Bauwens,Perm Brussels Finance/Support,PPS EU SA,Compliance Assistant/Paralegal,AML Agent Oversight Analyst,20/06/2022,C,Permanent,1st Interview,Interview,Candidate Email Parser,Ameylia Bauwens,49727,YES,14,25%,23%,
09/02/2023,09/02/2023,Florence Van Sand,Perm Brussels Finance/Support,Gentis,HR Director,Talent Acquisition Specialist,03/02/2023,A,Permanent,1st Interview,Interview,Other,Florence Van Sand,54331,,,,,
09/02/2023,13/02/2023,Ameylia Bauwens,Perm Brussels Finance/Support,PPS EU SA,Compliabce,Compliance Officer,11/01/2023,B,Permanent,Further Interview,2nd Interview,LinkedIn,Ameylia Bauwens,53794,YES,14,25%,23%,
09/02/2023,21/02/2023,Laure Ligot,Perm Luxembourg Construction/Engineering,Tralux construction s.à.r.l.,Directrice de HR,Ingénieur VRD,01/02/2023,C,Permanent,Further Interview,3rd Interview,Linkedin,Laure Ligot,54255,NO,,,,
09/02/2023,27/02/2023,Laure Ligot,Perm Luxembourg Construction/Engineering,Assar Architectes Luxembourg,HR Ofiicer,Architecte de projet,25/01/2023,B,Permanent,1st Interview,Interview,Linkedin,Laure Ligot,54099,NO,,,,
09/02/2023,20/02/2023,Ornella Scarpino (Wiggli),Perm Brussels Construction/Engineering/Sales,BBGS Belgium,Regional Manager BeNeLux,SPEC - Project Manager Chièvre,19/12/2022,SPEC,Permanent,1st Interview,Interview,Other,Ornella Scarpino (Wiggli),53489,YES,14,25%,25%,
09/02/2023,16/02/2023,Ornella Scarpino (Wiggli),Perm Brussels Construction/Engineering/Sales,BPC Group,RH,Conducteur de chantier,25/05/2022,,Permanent,1st Interview,Interview,Linkedin,Ornella Scarpino (Wiggli),49309,NO,30,25%,,
09/02/2023,13/02/2023,Thomas Van Laeken,Perm Brussels Construction/Engineering/Sales,Terumo Europe,HR Manager,Validation engineer,09/11/2022,C,Permanent,1st Interview,Interview,Linkedin,Thomas Van Laeken,52556,NO,30,25%,,
09/02/2023,09/02/2023,Indy Willemaerts,Perm Antwerp IT,People & Technology at Work,Talent Officer,Azure system engineer medior Circet,17/01/2023,SPEC,Opportunity,1st Interview,Interview,,Indy Willemaerts,53880,YES,30,25%,,
09/02/2023,10/02/2023,Simon Rombauts,Perm Antwerp IT,Atlas Copco Airpower,HR-consultant,.Net developer,25/01/2023,C,Permanent,1st Interview,Interview,Linkedin,Simon Rombauts,54100,YES,EOM 30,25%,,
09/02/2023,13/02/2023,Julie Gysels,Perm Antwerp IT,CLdN IT Applications SPOC = INDY WILLEMAERTS,Group HR Manager,Solution architect,26/01/2023,B,Permanent,1st Interview,Interview,Linkedin,Simon Rombauts,54123,NO,14,30%,28%,
09/02/2023,09/02/2023,Indy Willemaerts,Perm Antwerp IT,People & Technology at Work,Talent Officer,Azure system engineer medior Circet,17/01/2023,SPEC,Opportunity,Further Interview,2nd Interview,,Indy Willemaerts,53880,YES,30,25%,,
09/02/2023,11/02/2023,Romain Hupin,Perm Brussels IT,The Ring Ring Company,People Director,Specialist Backend .NET Software Engineer,09/02/2023,C,Permanent,1st Interview,Interview,Linkedin,Romain Hupin,54461,NO,,,,
09/02/2023,11/02/2023,Romain Hupin,Perm Brussels IT,The Ring Ring Company,People Director,NodeJS & Angular Software Engineer,09/02/2023,C,Permanent,1st Interview,Interview,Linkedin,Romain Hupin,54462,NO,,,,
09/02/2023,23/02/2023,Harrys Leidzen,Perm France IT Infra,AKEANCE Consulting,Responsable Administratif et Financier,Consultant Finance H/F,26/07/2022,C,Permanent,1st Interview,Interview,Linkedin,Harrys Leidzen,50404,NO,14,25%,,
09/02/2023,10/02/2023,Fabien Lagourgue,Perm France IT Infra,Padoa,Co-founder and CTO,Ingénieur Devops,24/10/2022,C,Permanent,1st Interview,Interview,Linkedin,Fabien Lagourgue,52235,NO,30,24%,23%,
09/02/2023,10/02/2023,Fabien Lagourgue,Perm France IT Infra,Padoa,Co-founder and CTO,Ingénieur Devops,24/10/2022,C,Permanent,1st Interview,Interview,Linkedin,Fabien Lagourgue,52235,NO,30,24%,23%,
09/02/2023,23/02/2023,Harrys Leidzen,Perm France IT Infra,AKEANCE Consulting,Responsable Administratif et Financier,Consultant Finance H/F,26/07/2022,C,Permanent,1st Interview,Interview,Linkedin,Harrys Leidzen,50404,NO,14,25%,,
09/02/2023,15/02/2023,Nawfal Nehal,Perm France Sr Appointments/Sales/Engineering,BTI - Advisory,Responsable des ressources humaines chez BTI,Tech Lead,17/01/2023,C,Permanent,1st Interview,Interview,Turnover-IT,Nawfal Nehal,53911,NO,15,20%,,
09/02/2023,14/02/2023,Tarek Rakbi,Perm France Sr Appointments/Sales/Engineering,AXA Group Operations SAS,HR Manager,Senior Machine Learning Engineer,19/01/2023,C,Permanent,Further Interview,2nd Interview,Linkedin,Rabea Ben Makhlouf,53957,NO,,,,
09/02/2023,14/02/2023,Tarek Rakbi,Perm France Sr Appointments/Sales/Engineering,AXA Group Operations SAS,HR Manager,Senior Machine Learning Engineer,19/01/2023,C,Permanent,1st Interview,Interview,Linkedin,Rabea Ben Makhlouf,53957,NO,,,,
09/02/2023,13/02/2023,Tarek Rakbi,Perm France Sr Appointments/Sales/Engineering,AXA Group Operations SAS,HR Manager,Senior Machine Learning Engineer,19/01/2023,C,Permanent,1st Interview,Interview,Linkedin,Rabea Ben Makhlouf,53957,NO,,,,
09/02/2023,10/02/2023,Manuel Lamy,Contract Brussels IT Dev,Atlas Copco Airpower,Manager Data & Analytics,Power BI,23/01/2023,C,Opportunity,1st Interview,Interview,Linkedin,Manuel Lamy,54011,YES,EOM 30,25%,,
09/02/2023,09/02/2023,Ilya Kruglov,Contract Brussels IT Dev,ENGIE,HRIS Resp project SuccessFactors / Poland Slovaqui,Applications life cycle-Business Analyst-Confirmed Poland,02/02/2023,B,Contract,1st Interview,Interview,Linkedin,Ilya Kruglov,54313,YES,,,,
09/02/2023,13/02/2023,Timothy Lemner,Perm Brussels Engineering / Sales,CAF Belgium,HR Generalist / Talent Acquisition Specialist,Local Project Manager - CAF Belgium,16/01/2023,A+,Retainer,1st Interview,Interview,Linkedin,Timothy Lemner,53861,NO,45,25%,23%,
09/02/2023,13/02/2023,Thibaut Meulemans,Perm Brussels Construction,AG Real Estate,HR Manager,Technical Client Manager,24/01/2023,C,Permanent,Further Interview,2nd Interview,Linkedin,Thibaut Meulemans,54059,NO,30,25%,,
09/02/2023,10/02/2023,Thibaut Meulemans,Perm Brussels Construction,Colliers Belgium SRL,HR - Workplace and change manager,Project Manager Building Service,31/01/2023,A,Permanent,1st Interview,Interview,Other,Thibaut Meulemans,54231,NO,14,30%,28%,
09/02/2023,13/02/2023,Alexandre Vandaele,Perm Brussels Construction,Cordeel Group,Strategic Change Manager,Technicien Frigoriste Maintenance,09/02/2023,C,Permanent,1st Interview,Interview,Linkedin,Alexandre Vandaele,54495,NO,30 - invoicing at start date,23%,,
10/02/2023,12/02/2023,Florence Van Sand,Perm Brussels Finance/Support,Axa partners,Freelance Talent Acquisition and Partner,HR Administration & Payroll Officer,06/02/2023,C,Permanent,1st Interview,Interview,Job Board,Florence Van Sand,54373,NO,,,,
10/02/2023,14/02/2023,Florence Van Sand,Perm Brussels Finance/Support,Axa partners,Freelance Talent Acquisition and Partner,HR Administration & Payroll Officer,06/02/2023,C,Permanent,Further Interview,2nd Interview,Job Board,Florence Van Sand,54373,NO,,,,
10/02/2023,13/02/2023,Florence Van Sand,Perm Brussels Finance/Support,Axa partners,Freelance Talent Acquisition and Partner,HR Administration & Payroll Officer,06/02/2023,C,Permanent,1st Interview,Interview,LinkedIn,Florence Van Sand,54373,NO,,,,
09/02/2023,17/02/2023,Jérémy Jampsin,Contract Brussels Construction/Engineering,FSMA,buyer / procurment,Technicien polyvalent HVAC ‘Facilities & Infrastructure’,30/03/2022,,Contract,1st Interview,Interview,Other,Jérémy Jampsin,48203,YES,,,,
