placement_id,date_approved,date_added,start_date,owner,market,client,job_title,job_created,priority,split,fee_pct_raw,fee_pct,billing_local,currency,billing_eur,time_to_fill,source,job_owner,job_id,is_retainer,candidate_deleted
10470,05/12/2025,05/12/2025,05/01/2026,Preben De Meulder,Perm Antwerp Construction HVAC,Installatiebedrijf Verheyden BVBA,INSTA WL HVAC,30/06/2025,A+,1,30%,30.0,23100.0,EUR,23100.0,158,Indeed,Preben De Meulder,78664,false,true
10472,10/12/2025,08/12/2025,05/01/2026,Cindy Jax,Perm Luxembourg IT,Banque Raiffeisen,Chef de projet Innovation,08/12/2025,A,1,28%,28.0,30800.0,EUR,30800.0,2,Referral,Cindy Jax,82044,false,false
10510,15/12/2025,15/12/2025,28/07/2025,Thomas Bell,Perm Antwerp Supply Chain,OOCL,Vrijblijvende voorstelling,28/07/2025,C,1,25%,25.0,10000.0,EUR,10000.0,140,Wiggli Intelligence,Thomas Bell,79212,false,false
10636,09/03/2026,13/02/2026,16/02/2026,Cindy Jax,Perm Luxembourg IT,Cactus S.A.,Ingénieur Système Microsoft,09/12/2025,C,1,23%,23.0,17013.0,EUR,17013.0,90,Job Board,Cindy Jax,82082,false,false
10688,19/03/2026,18/03/2026,16/03/2026,Cindy Jax,Perm Luxembourg IT,NIRA m.a.,Directeur agréé,16/03/2026,A+,1,25%,25.0,9000.0,EUR,9000.0,3,Referral,Cindy Jax,83013,true,false
10699,26/03/2026,26/03/2026,15/04/2026,Cindy Jax,Perm Luxembourg IT,Energolux S.A.,Chargé d'affaire Onduleur,09/03/2026,C,1,25.86%,25.86,15000.0,EUR,15000.0,17,Linkedin,Cindy Jax,82944,false,false
10704,30/03/2026,27/03/2026,01/05/2026,Cindy Jax,Perm Luxembourg IT,Eltrona Interdiffusion,CTO,12/12/2025,C,1,30%,30.0,40696.0,EUR,40696.0,108,Job Board,Cindy Jax,82182,false,false
10706,30/03/2026,30/03/2026,04/05/2026,Cindy Jax,Perm Luxembourg IT,NIRA m.a.,Directeur agréé,16/03/2026,A+,1,25%,25.0,9000.0,EUR,9000.0,14,Referral,Cindy Jax,83013,false,false
10340,17/11/2025,17/11/2025,12/01/2026,Alicia de Waroux,Perm Brussels Finance/Support,VINCI Facilities / Cegelec Building Services NV,Chief Accountant,07/05/2025,B,1,25%,25.0,28680.0,EUR,28680.0,194,Linkedin,Alicia de Waroux,77677,false,false
10341,17/11/2025,17/11/2025,23/02/2026,Gilles Bastenier,Perm Brussels Construction,2B HVAC,Deviseur HVAC,16/10/2025,C,1,30%,30.0,18792.0,EUR,18792.0,32,Linkedin,Gilles Bastenier,80915,false,true
10342,17/11/2025,17/11/2025,22/12/2025,Christophe Meeus,Perm Brussels Construction,Essity PLD Belgium SA,Ingénieur Fiabiliste - Essity,28/08/2025,A,1,25%,25.0,23280.0,EUR,23280.0,81,Linkedin,Christophe Meeus,79807,false,false
10343,18/11/2025,17/11/2025,17/11/2025,Thomas Bell,Perm Antwerp Supply Chain,Pacorini NV,Dossierbeheerder,29/10/2025,A,1,22%,22.0,12004.0,EUR,12004.0,20,Linkedin,Thomas Bell,81218,false,false
10346,24/11/2025,17/11/2025,05/01/2026,Marie Riemens,Perm Antwerp IT,CLdN IT Applications SPOC = INDY WILLEMAERTS,QA engineer (Phoenix team),19/09/2025,C,1,23%,23.0,13506.0,EUR,13506.0,66,Linkedin,Marie Riemens,80403,false,false
10374,24/11/2025,20/11/2025,22/12/2025,Maxim Gysels,Perm Antwerp Supply Chain,DHL Global Forwarding,Douanedeclarant,20/11/2025,C,1,21%,21.0,11459.0,EUR,11459.0,4,Linkedin,Maxim Gysels,81708,false,false
10384,26/11/2025,24/11/2025,19/01/2026,Jonathan Lecocq,Perm Brussels IT,Contassur SA - Contassur Assistance (Conseil) SA,Business Analyst,04/08/2025,SPEC,1,25%,25.0,18500.0,EUR,18500.0,114,Referral,Jonathan Lecocq,79333,false,false
10390,28/11/2025,24/11/2025,12/01/2026,Gilles Bastenier,Perm Brussels Construction,VINCI Facilities / Cegelec Building Services NV,Project Manager HVAC,13/10/2025,C,1,25%,25.0,17802.0,EUR,17802.0,46,Linkedin,Gilles Bastenier,80822,false,false
10393,24/11/2025,24/11/2025,08/12/2025,Ewan Verhoeven,Perm Antwerp Engineering,"UNILIN, Division Panels & Division Flooring",Project Automation Engineer,30/10/2025,C,1,25%,25.0,17748.0,EUR,17748.0,25,VDAB,Ewan Verhoeven,81256,false,false
10394,24/11/2025,24/11/2025,01/12/2025,Charlotte Riemens,Perm Antwerp Construction Real Estate,Bouwbedrijf Floré,HA PL,07/08/2025,C,1,28%,28.0,30064.0,EUR,30064.0,109,Linkedin,Charlotte Riemens,79450,false,false
10397,25/11/2025,24/11/2025,05/01/2026,Emma Mangoubi,Perm Brussels Construction,DHERTE,Conducteur (hybride) Namur - BXL,05/08/2025,C,1,22%,22.0,19143.0,EUR,19143.0,112,Linkedin,Emma Mangoubi,79356,false,false
10402,04/12/2025,24/11/2025,01/12/2025,Ashmat Neshat Khoram,Perm Antwerp Supply Chain,Livlina,BI Logistiek Analist,09/09/2025,C,1,23%,23.0,5500.0,EUR,5500.0,86,VDAB,Ashmat Neshat Khoram,80112,false,false
10409,28/11/2025,26/11/2025,01/01/2026,Fayçal Lahlou Nabil,Perm Africa,INWI,Manager Risque et Audit Sécurité,10/12/2024,A,1,14%,14.0,10610.0,EUR,10610.0,353,"Linkedin,Other",Fayçal Lahlou Nabil,73232,false,false
10412,26/11/2025,26/11/2025,08/12/2025,Jonathan Lecocq,Perm Brussels IT,ETHIAS,Business Analyst Claims,14/10/2025,A+,1,60000%,60000.0,15000.0,EUR,15000.0,43,Linkedin,Jonathan Lecocq,80834,false,false
10419,27/11/2025,27/11/2025,23/02/2026,Angélique Cornet,Perm Brussels Finance/Support,Partenamut,Team Lead Data Engineer,22/09/2025,C,1,23%,23.0,21597.0,EUR,21597.0,66,Linkedin,Angélique Cornet,80428,false,false
10426,28/11/2025,27/11/2025,22/12/2025,Maxime Tassier,Perm Canada,Gray Oncology Solutions,Développeur(se) front-end,22/10/2025,A,1,20%,20.0,12909.0,EUR,12909.0,37,Linkedin,Maxime Tassier,81044,false,false
10427,09/12/2025,28/11/2025,25/12/2025,Yassin Hadmoun,Perm Middle-East,Property Finder,Commercial Project Manager (UAEN),19/11/2025,SPEC,1,24.51%,24.51,11714.0,EUR,11714.0,20,Linkedin,Yassin Hadmoun,81670,false,false
10432,28/11/2025,28/11/2025,01/01/2025,Fabrice De Roy,Perm Antwerp Construction HVAC,Installatiebedrijf Verheyden BVBA,HVAC-Technieker,28/01/2025,B,1,18.49%,18.49,8752.0,EUR,8752.0,304,Referral,Fabrice De Roy,74721,false,false
10442,02/12/2025,01/12/2025,12/01/2026,Antoine Miriallakis,Perm Brussels Construction/Engineering/Sales,Jindal Films,Electronicien,22/09/2025,C,1,21%,21.0,12025.0,EUR,12025.0,71,Linkedin,Antoine Miriallakis,80426,false,false
10453,03/12/2025,03/12/2025,22/12/2025,Léna Gast,Perm Middle-East,Ashurst Middle East,Finance Assistant,04/09/2025,B,1,15%,15.0,6747.0,EUR,6747.0,90,Linkedin,Léna Gast,79980,false,false
10461,04/12/2025,04/12/2025,08/12/2025,Christophe Meeus,Perm Brussels Construction,Shake Design&Build,Project Manager,18/07/2025,C,1,26%,26.0,11440.0,EUR,11440.0,139,Social Network,Christophe Meeus,79038,false,false
10484,10/12/2025,10/12/2025,02/02/2026,Gilles Bastenier,Perm Brussels Construction,Goessens,Project Manager HVAC,09/05/2025,C,1,25%,25.0,18096.0,EUR,18096.0,215,Linkedin,Gilles Bastenier,77731,false,false
10487,10/12/2025,10/12/2025,30/03/2026,Margaux Seclin,Perm Brussels Finance/Support,CFE,Senior Group Legal Counsel,31/07/2025,C,1,22%,22.0,41800.0,EUR,41800.0,132,Linkedin,Margaux Seclin,79290,false,false
10488,11/12/2025,10/12/2025,18/01/2026,Charlotte Riemens,Perm Antwerp Construction Real Estate,Group Jansen (loggen op 6573),HA - PL,29/10/2025,C,1,27%,27.0,23993.0,EUR,23993.0,43,LinkedIn,Charlotte Riemens,81235,false,false
10494,11/12/2025,01/12/2025,09/12/2025,Maxim Miserez,Perm Antwerp Construction Civil Works,Smet Boring,COO,04/09/2025,A,1,25%,25.0,66000.0,EUR,66000.0,98,Linkedin,Maxim Miserez,79997,false,false
10504,12/12/2025,12/12/2025,26/01/2026,Ameylia Bauwens,Perm Brussels Finance/Support,Deutsche Bank,Senior Portfolio Manager,06/08/2025,C,1,25%,25.0,34085.0,EUR,34085.0,128,Linkedin,Ameylia Bauwens,79372,false,false
10509,15/12/2025,15/12/2025,19/01/2026,Charlotte Riemens,Perm Antwerp Construction Real Estate,Group Jansen (loggen op 6573),HA - WL,29/10/2025,C,1,27%,27.0,19800.0,EUR,19800.0,47,Ad Response,Charlotte Riemens,81236,false,false
10465,04/12/2025,04/12/2025,12/01/2026,Megan Kinet,Perm Brussels Construction/Engineering/Sales,Verbau SA,Manager Qualité,06/10/2025,A,1,22%,22.0,19459.0,EUR,19459.0,59,Linkedin,Megan Kinet,80665,false,false
10466,08/12/2025,05/12/2025,02/02/2026,Maxime Tassier,Perm Canada,Gray Oncology Solutions,Développeur(se) front-end,22/10/2025,A,1,20%,20.0,11692.0,EUR,11692.0,47,Linkedin,Maxime Tassier,81044,false,false
10468,08/12/2025,05/12/2025,02/02/2026,Ewan Verhoeven,Perm Antwerp Engineering,"UNILIN, Division Panels & Division Flooring",onderhoudstechnieker,29/10/2025,C,1,25%,25.0,13863.0,EUR,13863.0,40,Linkedin,Ewan Verhoeven,81249,false,false
10469,09/12/2025,05/12/2025,08/03/2026,Steff Peeters,Perm Antwerp Construction HVAC,Varel Security,Interventie technieker Varel,24/10/2025,C,1,25%,25.0,15072.0,EUR,15072.0,46,Linkedin,Steff Peeters,81089,false,false
10410,28/11/2025,26/11/2025,01/02/2026,Fayçal Lahlou Nabil,Perm Middle-East,INWI,Manager Certification et Conformité Sécurité,26/11/2025,C,1,14%,14.0,9759.0,EUR,9759.0,2,Linkedin,Fayçal Lahlou Nabil,81809,false,false
